u1,u2,u3,u4
1.027560147658181100e-02,3.530357334964580318e-02,2.551137091639040649e-02,2.037893000847779829e-02
4.308385724780006837e-02,4.429134154394467199e-02,1.384473177647267336e-02,4.680003488892552771e-02
1.242676505084068517e-02,2.211577724659954947e-02,3.960169854969732006e-02,2.907445185487918943e-02
2.024339913822530146e-02,1.847316685702005135e-02,3.140892212399006012e-02,3.082811634515094518e-02
4.528792732480786676e-02,3.920068292816008410e-02,1.790490930140431480e-02,1.684449117388902781e-02
3.582848553173174216e-02,3.313780087914829781e-02,1.601221731164520143e-02,3.691775831753280751e-02
4.688502087268562463e-02,2.264886730982882540e-02,1.651059643409023142e-02,2.014060490980488713e-02
1.872550353999338085e-02,1.831969134136366556e-02,1.642339038839377152e-02,3.320610407331661684e-02
4.015440414799063829e-02,4.273689380530073384e-02,2.582222099128227144e-02,3.643119467652257415e-02
1.542613396182353214e-02,3.503252562341756943e-02,3.742992482474759297e-02,1.316667534071718805e-02
4.727604231624588788e-02,2.096473323243085510e-02,1.928058156161020081e-02,2.033335681205662715e-02
1.498774884628755605e-02,1.833377284552110964e-02,1.120041697839476227e-02,1.775617040624331150e-02
4.157586674417433625e-02,2.488220014132548619e-02,1.924045446947497684e-02,1.472341288507061918e-02
4.667895122217668308e-02,4.588826762622216782e-02,4.064645082287127176e-02,2.385675550223949337e-02
1.714568807293819636e-02,2.683717743171517428e-02,4.459717766942917355e-02,4.691001970344341881e-02
2.439818352342540755e-02,4.868741540507025983e-02,4.728967683395767646e-02,2.501326074009168482e-02
3.249456917463453692e-02,1.026723975541074182e-02,2.969822088476090083e-02,2.329646250606027397e-02
3.382362259647888475e-02,4.794432499360667260e-02,1.626178111861754580e-02,3.843635740177666488e-02
3.304179925522881395e-02,2.151831505324674348e-02,2.532324844031595690e-02,1.816563164571982636e-02
2.885184719827587480e-02,1.360107693239084002e-02,4.059794121248039289e-02,2.781580346889700461e-02
4.118774963036124503e-02,2.722480937094275827e-02,3.008572134900942829e-02,4.553472190109680851e-02
3.406616663305752496e-02,3.137436491175682463e-02,3.518497439822395462e-02,4.874405631934403821e-02
2.287671378808454198e-02,4.317197638040311952e-02,3.013240004324595211e-02,4.270378384931702159e-02
2.769495541981178977e-02,1.752204184394812875e-02,1.872242845757642396e-02,2.210270948977778593e-02
2.454308169380509108e-02,1.709186446204159077e-02,3.026805039232260269e-02,1.464517885014507068e-02
3.536738010159798384e-02,4.756418712314036679e-02,3.498509759997826124e-02,1.150063050166919530e-02
4.129380724890934634e-02,4.562324910372135556e-02,2.566931612763037607e-02,4.866517193878545228e-02
4.324046969458312378e-02,2.270418695349882970e-02,4.274731535181559849e-02,4.755279620871149387e-02
2.402095014818483171e-02,1.318438657225459200e-02,1.974010442453896785e-02,3.820979018543295413e-02
4.782965524742673752e-02,3.834898088056160753e-02,1.723808640287414345e-02,3.740635322412232816e-02
4.312780890721369664e-02,4.895217600718659856e-02,4.835076425731345273e-02,3.985116412440722899e-02
1.141134463012993816e-02,3.328479212233501072e-02,3.236458289306313324e-02,1.229648225326764391e-02
3.299409078080756119e-02,4.847912392610281146e-02,2.786998920894441512e-02,3.523271440333476667e-02
2.310077288197219872e-02,2.921889611808363429e-02,4.899179713267819147e-02,2.217305140062249269e-02
2.292649874183153025e-02,4.787795497298003022e-02,2.442782037167730291e-02,2.878131674034292709e-02
4.061572886561702622e-02,3.638617814717263338e-02,2.260993697798224789e-02,2.904902885450530436e-02
4.545486547225281726e-02,4.611326997963422630e-02,3.124026082580988462e-02,4.569393188355747731e-02
3.985794650767163910e-02,1.606485786145433678e-02,4.080587817325692646e-02,2.797711491446325249e-02
2.065018514761015472e-02,1.480517022982662592e-02,2.940254120096023188e-02,2.357986848620169038e-02
4.805471280108156162e-02,3.977792159091888408e-02,3.108724243214055355e-02,2.363660903808384797e-02
3.224852414837171832e-02,2.588326757836616199e-02,2.315968690987188494e-02,3.154394067413052172e-02
1.938500490054310618e-02,4.585345027173921145e-02,2.487847594746719210e-02,4.512230675686826342e-02
1.282107916866341395e-02,3.101199774387015246e-02,3.880666148759072398e-02,1.968798778762117715e-02
3.068965485988058017e-02,2.687326908250779745e-02,3.552196604031181842e-02,2.589729473007441884e-02
1.477873721609316432e-02,1.128317805933856145e-02,4.039995168157309996e-02,2.080463220460635962e-02
2.237768670250200875e-02,4.770351956412856309e-02,1.333189472575128064e-02,4.687424959053371892e-02
4.013342864682670902e-02,1.656438772418428879e-02,3.172151322804083601e-02,2.694248177361253244e-02
2.891945420078790435e-02,4.614861899430519609e-02,3.229325977118815971e-02,1.193979702992417624e-02
2.779550330484478748e-02,3.559145341160385029e-02,3.962745772970749369e-02,3.943542253484266791e-02
1.810681422168985977e-02,1.163706544665500490e-02,1.813302623639364078e-02,2.868042329040109556e-02
2.709279054990684776e-02,2.070812092785915409e-02,2.019769195121890598e-02,1.722885708059718191e-02
2.910424473435538339e-02,2.505926420104198291e-02,1.621951939491993872e-02,1.796893986046534802e-02
1.032394321860113581e-02,2.815565224721144205e-02,4.150424275654355372e-02,3.262593673948707695e-02
2.464744443164377380e-02,2.427971388389461860e-02,2.440257795394112569e-02,2.938930895988251663e-02
1.907734694439826642e-02,3.906520103942466571e-02,3.810830415724928560e-02,2.978223692115580107e-02
1.369087871502784257e-02,1.479386411716733692e-02,4.027083654135765051e-02,1.502430804230306394e-02
1.433216847940843586e-02,1.323292179611876285e-02,3.435247333369083333e-02,3.426575346361849378e-02
1.550322418347471927e-02,2.596860926854324680e-02,3.372546990868256073e-02,2.777146868404542501e-02
4.502441783952206705e-02,2.100755984544686039e-02,1.146843857634403593e-02,1.479640756043775277e-02
4.481996340629734038e-02,4.809182185786856079e-02,4.725293674350197759e-02,3.028408026861277580e-02
3.214964278048060287e-02,4.241397542738491871e-02,3.937862650311662466e-02,4.909196434511367557e-02
2.075057324313914209e-02,4.143829648514768538e-02,4.822560440063186626e-02,1.320136506183624756e-02
3.813446754521862547e-02,4.479687745868617815e-02,1.963238060980094374e-02,4.645121948342619683e-02
3.450231187966772833e-02,3.879302223489465573e-02,1.001977186742034585e-02,4.528286540960549389e-02
2.923580145250029294e-02,4.403492911613941102e-02,1.004846228428492132e-02,2.943340139360935137e-02
4.259085133743178292e-02,2.510440531999544658e-02,3.677404039689610715e-02,1.515817599035225102e-02
1.204541071224768563e-02,4.709144104738879205e-02,4.776110164328827012e-02,1.032508657301470754e-02
4.021618078175635824e-02,4.306796383227955854e-02,3.886959143611491002e-02,1.393746213606612480e-02
4.232743399258585837e-02,1.408942646187522421e-02,1.769165174030494503e-02,3.933635643930132042e-02
4.501515749708194514e-02,1.589593889123770698e-02,2.884117242812018339e-02,4.734588868221838859e-02
3.835955543621064751e-02,2.590227422964126031e-02,3.058121929812596118e-02,3.030803781912026762e-02
3.085375193102646296e-02,3.784551600537855442e-02,2.973771191804260722e-02,1.221795701722433111e-02
4.130447557381052015e-02,3.050486459720606197e-02,1.958903632110908094e-02,4.980134307158410462e-02
2.666500105302055390e-02,1.202094270827858483e-02,1.586850872073223770e-02,1.345051389746742751e-02
4.789614999342231560e-02,1.273766020821698493e-02,2.689826273660118200e-02,3.384606727271793902e-02
2.490767095917665805e-02,2.110664624698024155e-02,1.672809890968841862e-02,3.845011188203623781e-02
4.357909015294003652e-02,2.533602082920732163e-02,4.474141608920986779e-02,1.904161391257881697e-02
3.125289257710674867e-02,3.697689212768249384e-02,4.564442507987108433e-02,3.973907647027037637e-02
3.231792025198162305e-02,2.117785942605195093e-02,2.033605063815936004e-02,3.418209158242220547e-02
2.031410652961788271e-02,3.723129199551556551e-02,3.245612460065830374e-02,4.397284808317614840e-02
1.004837744596104310e-02,3.890199255321519917e-02,1.727023440509052946e-02,1.428482464514548370e-02
1.304822992808855019e-02,4.379588303988862091e-02,3.511853225807383405e-02,3.009158668005942894e-02
1.210741452896359899e-02,3.704278795839541921e-02,3.184465786806569415e-02,1.100041040759149914e-02
3.243025315504252659e-02,2.043854562076854314e-02,1.320889394138845437e-02,3.538278567197995772e-02
4.806902213683250658e-02,2.949172255994673975e-02,3.433592333475580377e-02,4.134713534820599889e-02
1.500308344859124787e-02,3.775775391498518291e-02,3.069618530045864491e-02,4.679224711079005977e-02
1.113368890026769469e-02,4.020497812713285518e-02,2.734806260940681605e-02,4.583243934773802847e-02
1.517349265628651495e-02,2.585155155299276308e-02,2.054930085652446198e-02,2.181945701980911312e-02
3.335718912546431492e-02,1.963599476314138031e-02,2.390560918716325145e-02,1.020984330150652604e-02
1.706805694877692320e-02,3.053842186414308657e-02,1.312668527170217370e-02,3.967564296253362627e-02
2.969441359402632402e-02,1.567717661498562245e-02,1.352918113562850098e-02,3.777191782655125313e-02
3.168261783746870869e-02,3.812417480377180284e-02,4.857315815842610379e-02,2.638556227112497099e-02
4.595905401057059914e-02,2.218545028859700285e-02,3.621943862397685593e-02,1.672863625872784976e-02
4.957322007294991117e-02,3.402556201215332227e-02,2.194295101942859982e-02,2.615116261781033624e-02
3.218303417971833669e-02,4.061965598607692601e-02,2.077805219152427732e-02,3.074118686682111856e-02
4.890446502172589999e-02,1.860930456158425492e-02,3.264378431790332380e-02,3.990265074980250959e-02
3.087763582715547656e-02,1.940490019446233089e-02,2.278670678698199031e-02,1.353023098234010929e-02
1.522420177305829243e-02,2.995132028141182096e-02,3.198216372667610219e-02,3.167175286486197117e-02
4.932026171112003504e-02,1.771272667443838170e-02,4.517701674225826913e-02,4.082378097006142403e-02
4.986100982770941964e-02,1.552456582829969678e-02,2.335580081454814716e-02,4.787278373393334674e-02
2.669827637020128625e-02,3.097950319046736262e-02,1.821048860081071752e-02,4.213327124942827656e-02
2.209187776730579117e-02,2.947422801681037069e-02,4.607455786165723377e-02,1.664265845285167744e-02
2.783067427513337411e-02,3.025876604625153676e-02,3.465472311479934203e-02,3.014800892270405597e-02
3.634606021484327459e-02,2.730853925959993850e-02,4.848950996683595860e-02,4.019006723705199208e-02
4.866826925359375722e-02,2.544944264602700540e-02,2.320201504817087299e-02,2.343240633798606559e-02
4.562168978804104214e-02,2.701710530550863187e-02,3.757604223471140703e-02,1.662196816579337294e-02
4.302370825867161269e-02,4.358010732230611917e-02,1.831881102223074931e-02,1.034738244692123485e-02
3.355428286017781564e-02,2.354606346824023033e-02,2.395828053088735338e-02,4.587600903271893404e-02
3.735995307913599767e-02,2.478401805711024503e-02,4.697523232386890957e-02,1.492358895626859881e-02
3.151608389980142116e-02,3.219285864485463278e-02,4.819517478554311007e-02,1.720145748979573161e-02
4.343932819113632132e-02,1.219753386787165821e-02,2.986473271487882775e-02,3.877230547524958271e-02
2.376859674664281302e-02,4.590381621186732930e-02,4.826468631185812375e-02,4.095799145640436484e-02
3.090184839275080669e-02,2.863969010766324874e-02,2.572089607613015083e-02,2.025152771168572258e-02
2.205625436080842910e-02,3.258572006034517188e-02,2.107583340121330084e-02,4.436541633448502081e-02
3.548166613916852591e-02,4.310772274919690006e-02,1.871603463885068708e-02,2.487523831198634391e-02
2.924249310498854698e-02,2.556164149469235258e-02,3.525251427680081012e-02,1.219657338621882997e-02
1.236418612822038146e-02,2.800462505831245036e-02,2.500957596241919212e-02,2.679933306254050907e-02
3.166151707874230448e-02,2.086820750114280754e-02,2.477225729503448881e-02,2.882109495542732602e-02
4.673434448006537345e-02,1.429684385882687772e-02,1.663397443079124224e-02,2.090502773626135707e-02
2.717170890248080117e-02,3.452642604830483131e-02,4.701312441137666526e-02,4.444226792451267533e-02
1.264611451347943255e-02,1.563442229105090064e-02,1.185949235925865680e-02,2.471150106512673417e-02
1.564246363586266342e-02,2.918308995810107997e-02,1.462428424305419264e-02,2.684092402288873469e-02
3.547627706374449630e-02,4.221552950258438547e-02,2.031050439316591655e-02,4.844407546918571422e-02
2.243995648362973050e-02,4.071933657528334360e-02,4.859791793760100120e-02,1.024775669255603011e-02
4.211237469849782311e-02,3.652123192804262314e-02,4.922289809744035544e-02,1.048510743854520755e-02
1.737507965362333762e-02,1.857405435579777969e-02,2.027146312685507157e-02,2.744273381122120520e-02
2.747887671958863798e-02,3.114711577395593706e-02,1.271657049653101418e-02,4.465721142052951620e-02
2.987833196373094330e-02,1.788276636504141509e-02,1.505555478102252667e-02,2.704247442887863784e-02
4.578382687337321372e-02,2.866166988138003913e-02,3.932966543158724487e-02,2.320340152610594550e-02
1.633565800518889388e-02,1.446782296474464699e-02,3.242746588174377775e-02,1.711787429620002104e-02
3.316010159100742094e-02,3.700323912086188327e-02,2.271955156788113550e-02,4.710237028418876037e-02
1.630557621124318138e-02,4.344286724612141798e-02,3.067589948610895123e-02,3.882946071644725189e-02
1.981842457385794148e-02,4.450058438109357611e-02,4.030427586544863688e-02,2.069738708640276106e-02
4.305327257368678912e-02,4.960798459948616984e-02,2.636352992601330436e-02,4.326374400648989177e-02
3.404755852913252806e-02,2.169414960358533040e-02,3.958687515655027328e-02,3.180042980860389029e-02
3.326313570928255553e-02,1.879279124691572711e-02,2.852584227391773142e-02,3.738912839407926986e-02
2.259564537180664551e-02,2.128929259711079269e-02,2.220100419180921769e-02,1.554715193138687251e-02
3.019879789603470421e-02,1.167384456994895355e-02,3.661363299292816342e-02,1.044166400331610761e-02
4.884559398356342480e-02,4.598065732602325817e-02,4.289684192268909679e-02,2.017470503315407782e-02
1.212217876469835753e-02,1.200014251321410673e-02,1.880289436239566958e-02,3.875197003104442067e-02
1.937102072559748062e-02,4.876176911491329063e-02,2.071682552190696330e-02,1.274578150559584934e-02
3.528999450764162132e-02,2.421980742156246841e-02,3.603069040789329963e-02,2.196608510110214380e-02
3.505208038685149463e-02,2.146363786693763348e-02,4.310174788760935682e-02,3.989548104347329094e-02
4.560931037340523742e-02,2.285396298516560384e-02,3.308990266631218341e-02,4.399071616291096165e-02
4.183567994802734474e-02,4.554372022516529894e-02,3.890722625836461057e-02,4.111235865870813827e-02
3.903805626079588642e-02,3.396273719405014380e-02,4.964229680321202015e-02,1.629792246196847677e-02
2.864899005383898106e-02,1.131348926335835892e-02,2.962878117974621084e-02,2.761109967794368736e-02
2.151548089763992422e-02,4.030198396854559051e-02,3.973369916111329364e-02,4.145030467510222444e-02
3.238215851514454624e-02,2.993738219624618446e-02,3.727194740302133130e-02,2.946423439997851446e-02
4.085837377514070501e-02,3.165920743307201746e-02,3.462561608148987530e-02,1.551867239958999896e-02
1.137092243239092720e-02,2.539755467292041657e-02,1.618085256633662247e-02,1.669737114663140398e-02
3.519547268540396123e-02,2.735132390154520338e-02,1.710240664825883605e-02,4.931980376397183952e-02
3.647629661181112787e-02,4.593523423029947927e-02,1.497158190341581901e-02,3.639174659180754307e-02
1.166042312999239668e-02,1.469584355161702299e-02,1.264234368748257641e-02,2.748411808540313778e-02
2.145375767164273140e-02,4.426280623282307508e-02,4.079239188588896364e-02,2.637557197624348232e-02
4.271954844428084430e-02,2.934641538242981074e-02,1.811462776651225418e-02,2.610396518992582487e-02
1.077822296957099690e-02,3.214062745163182022e-02,4.126075146450083886e-02,4.978748104457500490e-02
3.874219064310978344e-02,2.524707071517200835e-02,1.522793443921122494e-02,2.330254159154241528e-02
3.884546534322137756e-02,3.617021757984659192e-02,4.542463599764543641e-02,2.301341041547004529e-02
1.849337501983766563e-02,3.573143431429384037e-02,4.671437128746007417e-02,3.224935179075921060e-02
4.420128956728218428e-02,2.797934123823146713e-02,2.338936360191013267e-02,2.050963058590461741e-02
2.264474857431292287e-02,2.469021846760883349e-02,1.559807116821359911e-02,2.162701608043679502e-02
1.760508205110739369e-02,4.852785659123242529e-02,1.221936503757460948e-02,4.460315852537601738e-02
4.585882903172232294e-02,2.006395309353021378e-02,2.655893928169620472e-02,2.278062330871250679e-02
4.149499459318443245e-02,4.842932661751083584e-02,2.666518461949159841e-02,2.266138769064610092e-02
2.800518625580462884e-02,1.453337570866996414e-02,1.796250944492966406e-02,4.071648060195778157e-02
2.826559470636164084e-02,3.990526592650324444e-02,4.165844397810610639e-02,1.623803492571147117e-02
3.356501166588114066e-02,1.019569324500859721e-02,1.859691440681714159e-02,4.425898738850066183e-02
1.184687429512896149e-02,4.597917817280835345e-02,2.300730208171300473e-02,2.640183115386031398e-02
4.348333300334746715e-02,3.927059204176846369e-02,4.942084370616558336e-02,1.280441631655136053e-02
4.449447493703589246e-02,3.598553479768874797e-02,2.564754706164255882e-02,3.962251505364221271e-02
4.459211512123176235e-02,1.486531899247742206e-02,1.987045804400471016e-02,1.387822350577306782e-02
3.227884719348261128e-02,2.838123657831986835e-02,3.859146343283902103e-02,2.281394834093430912e-02
4.042200653035796232e-02,1.810298940935199663e-02,3.901987526183776228e-02,4.884333995848020443e-02
1.584052400620355669e-02,3.412088215447921236e-02,3.870299506406782442e-02,3.928248433739971179e-02
4.361424644682949242e-02,4.788164612121036112e-02,3.449360924477003210e-02,1.910490003112894769e-02
2.587515845115848784e-02,1.127493005797398223e-02,4.034932337685271514e-02,4.516122506001922499e-02
1.628366104000023018e-02,2.595483544037049950e-02,4.112172371001649590e-02,2.335360823930696453e-02
3.310840980303000197e-02,2.516394407914997883e-02,2.728380917479249212e-02,4.225829189413506798e-02
1.066761629401159935e-02,2.853626825047784338e-02,2.656472879433932621e-02,4.261588271724620069e-02
4.112024623521969707e-02,4.222824982303555186e-02,1.682833747393267659e-02,3.143551078911768076e-02
1.661206755455994083e-02,1.888070901195552237e-02,3.666083623902698096e-02,3.662330022672738439e-02
4.010437949206405867e-02,2.159594334782513614e-02,4.189077734105765838e-02,3.832538318867760585e-02
3.748465508638093580e-02,3.421750181858792400e-02,4.215004228190352004e-02,4.330033606600306589e-02
3.260276905267828901e-02,2.964030207484732310e-02,2.818365489507638350e-02,2.533918682127430516e-02
4.365817718401655140e-02,2.828089329205289021e-02,3.282148865655620112e-02,3.332095547120041829e-02
4.484838790804172165e-02,4.889993595082942762e-02,2.122838875639241479e-02,4.160969166483609316e-02
3.498964761854402028e-02,3.080676040708939939e-02,4.678306605482546177e-02,4.308668286272716169e-02
3.341483652538287247e-02,4.623341583712155950e-02,4.194976060329969059e-02,3.317836447037354752e-02
2.530434675912612147e-02,4.924231950108718531e-02,4.063383070289616067e-02,4.175632593219943262e-02
3.300326189571403668e-02,3.002282152265482035e-02,4.992047662934995245e-02,4.029889092355155855e-02
1.410866790118072214e-02,1.593728582835323218e-02,4.558102402166886585e-02,4.721530588725199318e-02
2.494236943053119299e-02,1.748717415402183117e-02,2.858116748994222328e-02,1.865479477213871987e-02
4.506466078482087440e-02,2.209787072374986422e-02,1.378775101319190677e-02,1.449250533490735807e-02
4.415946815176587797e-02,1.171315941310376377e-02,3.052515023673181560e-02,4.934644220742675363e-02
1.759635253162452478e-02,4.977158230262981181e-02,4.847346100743258474e-02,4.479848189611145004e-02
4.102981444865343857e-02,1.867923897279014436e-02,2.549181468366253783e-02,4.809839488903671495e-02
3.190954686017392905e-02,3.405786821742909365e-02,2.112523444618934210e-02,1.255584448712477805e-02
4.786507079574462559e-02,1.965512060085102680e-02,2.470097000433893811e-02,4.928371674907697925e-02
2.648876368031085476e-02,3.045652963750060394e-02,2.462437633067054987e-02,3.254878077895459465e-02
3.037632415368263922e-02,1.147565697947988683e-02,3.352778040563537953e-02,2.647446724428669657e-02
4.050993068341802311e-02,3.140420245624613027e-02,3.507307924197817367e-02,1.930877710022462987e-02
4.849102445450902826e-02,4.025007016462708864e-02,2.497757500852375301e-02,4.133501838334265044e-02
2.804185291401750657e-02,4.350958253973646189e-02,1.433142535001544378e-02,3.112917596238974627e-02
3.895989905879358728e-02,3.970033772322029142e-02,1.361714616805377240e-02,2.277817235342441404e-02
3.494293044313786373e-02,4.138490023044053001e-02,1.205775932002177940e-02,4.551985738501349715e-02
3.745779683198788290e-02,1.587025246790247507e-02,3.403452099584515500e-02,1.414430515971201036e-02
3.447783897007033332e-02,2.784667745960164170e-02,1.840320681418949542e-02,1.459370218908495782e-02
2.738569998348431428e-02,2.356853882267220465e-02,3.480549599274934680e-02,2.294746023414365871e-02
1.081923096813853027e-02,2.872955777490879964e-02,1.371855888940244107e-02,2.652097158750391093e-02
4.055528756991919753e-02,1.694402440717648547e-02,3.675760628192474566e-02,3.489437198262898554e-02
3.956911442780238625e-02,4.096498800212351743e-02,1.422962988291744460e-02,4.097001107050236152e-02
3.361359655167783095e-02,4.994288132966452631e-02,1.687821677676560814e-02,1.612298171246124429e-02
1.378162186837692330e-02,4.040577553976367614e-02,3.459130643375372266e-02,2.327084204830969644e-02
2.369826059872674751e-02,2.944713283981428148e-02,2.024124215799855825e-02,3.838520597964478059e-02
4.231417966003139797e-02,2.567379252610511170e-02,2.239472947791675689e-02,4.950784762150735319e-02
2.981671328030054829e-02,3.058432549507865417e-02,2.192435999190081239e-02,3.100302090694048718e-02
2.325437394106785044e-02,4.539777011731455092e-02,4.075073615032426960e-02,2.941718841998991474e-02
2.561231999805924781e-02,4.210316767031178214e-02,3.169691690141011181e-02,2.508033668369240993e-02
1.438190303259391338e-02,3.974280615600089134e-02,4.393864728238638939e-02,1.475363870492123544e-02
2.106436487525528700e-02,3.283773241057290349e-02,1.855767148545182932e-02,2.071488923261022991e-02
4.173337099332862649e-02,1.324413971053285850e-02,4.948275253997238415e-02,1.705125521854598120e-02
3.627896270383248328e-02,1.282304297212511456e-02,2.926681304887657903e-02,1.744148258237361582e-02
3.162672958746170354e-02,1.476656626140397319e-02,4.457525984472002906e-02,3.239191463442003122e-02
3.820272364377984287e-02,3.982943870050427437e-02,3.789915491914117723e-02,2.389563719160063895e-02
4.398518443231258512e-02,3.094244618881711317e-02,2.949266188359626201e-02,2.772111503346115502e-02
4.861351040737027507e-02,4.072121268023496526e-02,3.325085743304705133e-02,1.635815813770141042e-02
1.898409702885883038e-02,2.837745726784987599e-02,4.499556084798548433e-02,1.870642819397842424e-02
3.235003725298347260e-02,1.231643648523418622e-02,3.805395529542104915e-02,2.198062741091662969e-02
4.351904622825336633e-02,2.579962264309722253e-02,4.321659372043568786e-02,3.918722454754181017e-02
2.883015210715989679e-02,3.004276500483214762e-02,1.560890461900583254e-02,2.886089513927048850e-02
1.100191410628168290e-02,1.626505010562090750e-02,2.839890735715375897e-02,3.024955033673580596e-02
4.819192003298412852e-02,1.725825139491150503e-02,4.805462984975743951e-02,3.016646734976286687e-02
1.918187973894226739e-02,3.182236886027754730e-02,1.577331347082443908e-02,1.679209832001471794e-02
3.620607227780756054e-02,4.910411590870197157e-02,1.315574175322299817e-02,2.488626657938982495e-02
1.274446868611260261e-02,4.171633329705557586e-02,3.622637890436469083e-02,3.635753951134736844e-02
4.208806658423782515e-02,1.714451461657048176e-02,2.241289929090313493e-02,4.099508551141898410e-02
3.969604754042750649e-02,1.930224813507097278e-02,3.872002839845033184e-02,1.003341146773969496e-02
4.629844286285524774e-02,3.842490601634259567e-02,2.201098144533104872e-02,2.111802687805270501e-02
1.835371800104898532e-02,3.154785685553953417e-02,1.852565670890574806e-02,3.505727505386192072e-02
3.113431307381687302e-02,4.935482115395035257e-02,3.486112942502755940e-02,3.854448185035914964e-02
1.885650072524198279e-02,3.740015497275416684e-02,2.991236770942507645e-02,1.955559693918587638e-02
1.396354815973845434e-02,3.827187955665429381e-02,1.310725542091622023e-02,1.311144247411671383e-02
4.141944020520025443e-02,4.253062008148497664e-02,4.172444280347522433e-02,2.727426486081521717e-02
3.790255487583613081e-02,4.013454531791963570e-02,1.805799599627256127e-02,2.067012187533460305e-02
4.683886655464168658e-02,1.117657026079356408e-02,4.378553061269760405e-02,4.054628352168611338e-02
1.789788734332481424e-02,4.226933273930586626e-02,2.182469067698064591e-02,4.292940958516976158e-02
4.215988366605431109e-02,2.194646536416857904e-02,1.412736402219602443e-02,1.499902811734899269e-02
1.767183860513162758e-02,4.347000622881715820e-02,2.777424293937738597e-02,3.070218005184414262e-02
2.329175911189959938e-02,1.124872380118868351e-02,3.327746314261647437e-02,2.712172724622826520e-02
1.643575824545546321e-02,3.583724579209162514e-02,1.849661919515151187e-02,4.010434881142591751e-02
4.953736687940370198e-02,3.359411296106856043e-02,2.267152342915657384e-02,1.671890955571361803e-02
4.725284352744869160e-02,4.261576270024612645e-02,2.757161494450389300e-02,2.372794288432375498e-02
4.681462608435439654e-02,1.601825484986209996e-02,1.743548766780377707e-02,3.258873081275106415e-02
3.708528345661841336e-02,3.923440975250180179e-02,2.173202199132390211e-02,3.979008863378107747e-02
3.342008809588550844e-02,3.571875986967226052e-02,3.610066694451512931e-02,1.861148237196044372e-02
1.394374603667820206e-02,3.787090820606679037e-02,1.777981777554498224e-02,2.138902248744305873e-02
3.409696733241536493e-02,1.737945541304752178e-02,2.418813562235581568e-02,4.827687977995503282e-02
4.451174548161995759e-02,1.473012834736554810e-02,2.196814886251485799e-02,2.968795411807963885e-02
4.476290346714653645e-02,4.992863417130090353e-02,1.046141420178817519e-02,4.534212538884931087e-02
4.194066133844168154e-02,2.670889654155129272e-02,2.484474631291444524e-02,4.609919262989584793e-02
4.700402347506262013e-02,2.893209496947345832e-02,3.273493108548465591e-02,1.891465980329661012e-02
2.740035502338337980e-02,2.036711535122485289e-02,2.461976740508226361e-02,3.322527259250197124e-02
1.869901828410280853e-02,1.078455664585598051e-02,1.932940310627567770e-02,4.367246455451437304e-02
4.116811883226106222e-02,4.148249487746886316e-02,3.163834675411313080e-02,3.033750259892038781e-02
3.593722910166605167e-02,2.907673807238261854e-02,1.527813580137669935e-02,2.623341943611528365e-02
4.839944455914256538e-02,4.715484508617107107e-02,1.326603344383248118e-02,3.328042374847915708e-02
2.632625820609804657e-02,3.751005237259433245e-02,3.535480164301933736e-02,2.483732153195643277e-02
2.823004421630982697e-02,4.573346952224881246e-02,3.349016733765092929e-02,1.470157160054670967e-02
1.404508040161739010e-02,2.952024745409809886e-02,1.142465599875230886e-02,2.253549641926284181e-02
2.760824766858837459e-02,4.128202992538707733e-02,3.455403778170579310e-02,3.555311073610394751e-02
3.995058125147441658e-02,2.455242911032551670e-02,3.581794157342116369e-02,1.341449606954247045e-02
3.943698079566598097e-02,1.681961030985883176e-02,4.317627980248433389e-02,3.535182241962593619e-02
2.916630046055242870e-02,4.389425698796087932e-02,3.680565306583917506e-02,4.914279315684803168e-02
2.486899052697603973e-02,4.294863838195469435e-02,2.288106175093550243e-02,2.543854946783043885e-02
4.792111968221723223e-02,1.650743194082670076e-02,3.595593127114397186e-02,1.480789073551085078e-02
4.983916153598318827e-02,4.268084701446547141e-02,2.157687939264674865e-02,4.795758633344847366e-02
4.912306856525094911e-02,1.138474764077470128e-02,2.346217752455947991e-02,4.185824004506336071e-02
4.917341539735275990e-02,1.944441525750872923e-02,1.566779217463280111e-02,2.706916463019108654e-02
2.327892296476498368e-02,3.588672915560587456e-02,2.218450269313326437e-02,3.778083445244812683e-02
3.879304896514113032e-02,3.818766239539396479e-02,4.386498711245141735e-02,2.609948871487518390e-02
3.814113131703195103e-02,1.666326630597760386e-02,3.278607288582331691e-02,3.211546092999329610e-02
2.559980727926645938e-02,3.439217759963521942e-02,2.928850970250668206e-02,2.078584202755679594e-02
4.070385816557328673e-02,1.445003646132050727e-02,1.414518259019112607e-02,4.242360098149114411e-02
2.062306617057469565e-02,2.857358840834255120e-02,2.294137876773828799e-02,4.891422775143765278e-02
4.662188248469018026e-02,4.229668554828012322e-02,3.082076868069360404e-02,4.229700349811502808e-02
1.780309185691125035e-02,1.744098507312736440e-02,3.582326962474534360e-02,4.420939051671689962e-02
2.051989553671031141e-02,3.877480801497733970e-02,3.509092635760489853e-02,2.375236259288876148e-02
4.950743073253214416e-02,2.418768274190761375e-02,3.116671968996649611e-02,1.065899188146392576e-02
1.859607732971113592e-02,4.524773351972350560e-02,4.306911334257878393e-02,4.892218740357662937e-02
2.218470769591387309e-02,4.569793674151624574e-02,1.251435991566678813e-02,2.325583780247644783e-02
1.423868922229715346e-02,2.832195037960853756e-02,3.868221726245010816e-02,3.867499292905036967e-02
3.143640601131780787e-02,3.201559170302789581e-02,4.240993244757940844e-02,3.209428631571385748e-02
2.906095783781881270e-02,1.064962525396930849e-02,2.160491859711177048e-02,2.156455150834593951e-02
1.440522749483369794e-02,3.732538206912363460e-02,1.464741692013993291e-02,3.795235534054849924e-02
1.238551271493159092e-02,2.773433044991218538e-02,2.964248505316442045e-02,2.264477593445850950e-02
3.606376838548096958e-02,3.406467666209168216e-02,2.171055261941463865e-02,1.105165525911022163e-02
3.010486904979225303e-02,3.236322012514328966e-02,3.145181038357235809e-02,2.901301819806240134e-02
3.362763884856008467e-02,3.274945104303083471e-02,4.099023041233244152e-02,1.409379671006897455e-02
2.836457364962981231e-02,4.184297723550574333e-02,3.976857248723587174e-02,1.283904949240322578e-02
1.457201479431456323e-02,3.779756527424303625e-02,3.753020985976092405e-02,4.802156576891842416e-02
1.257384233520765331e-02,1.677606718002034453e-02,1.763272246001143517e-02,1.649240606547136903e-02
1.505277922421582697e-02,2.380772320421944976e-02,3.394258719225852483e-02,2.175189697124314814e-02
1.508074337042628055e-02,2.990265915084536902e-02,3.892329416298399847e-02,1.383488362970934811e-02
1.107800938730683221e-02,2.410835088209950516e-02,4.336790378613226277e-02,3.590205299681718115e-02
3.264320423384380748e-02,1.571981654702128695e-02,1.965049670377010810e-02,1.852376045607679461e-02
4.371518145398811672e-02,4.414423942620684937e-02,2.137975262956670966e-02,4.483389420663326519e-02
3.579500402528878328e-02,2.298086344056324629e-02,2.661098990505808559e-02,1.250064861604004325e-02
4.160021005589050608e-02,3.924424021273693886e-02,1.927537570370357889e-02,4.916504116078632830e-02
1.470185182778757128e-02,3.041864511686038358e-02,1.828836179737607440e-02,2.537581670159873293e-02
4.581734503186452728e-02,2.207332204760487776e-02,1.110885369339482780e-02,4.514757758626078421e-02
2.278865983062067571e-02,1.015031543002252977e-02,2.864222106601200385e-02,2.691009888788097743e-02
2.857627268992112002e-02,3.678039850694694163e-02,2.691342910071963662e-02,1.780103535294520409e-02
4.659916539041426137e-02,2.569780164872591255e-02,1.421073342159167273e-02,3.915383640017289918e-02
4.347987724681924571e-02,1.405417043091189942e-02,1.608563856532901903e-02,2.135483227130276912e-02
4.487437177251345222e-02,1.043086990795759339e-02,3.939965869847311675e-02,3.920998604556000244e-02
3.082979313969462509e-02,1.357876450891252681e-02,2.918095939391270738e-02,1.929532265718905681e-02
3.271932662439452910e-02,2.554835247020270650e-02,2.746015415630313761e-02,1.972969981734087885e-02
1.010011883237992014e-02,3.525620730514235357e-02,4.280948022458953145e-02,3.718535401582093863e-02
4.770473710861890260e-02,4.535033170860799240e-02,2.718855298874713750e-02,1.782701658429935998e-02
4.731276286658095409e-02,1.067511779793947797e-02,1.903410013721841543e-02,3.201235810654182862e-02
3.781877993548028727e-02,1.069903250881181628e-02,2.352020299737245246e-02,3.947434093815935935e-02
2.950272040830259623e-02,3.897091422071230493e-02,2.372787341300166414e-02,4.829623598015378438e-02
2.892734888435067458e-02,1.854922162168798697e-02,1.190397207420270526e-02,4.045068576758001355e-02
1.932940317422426196e-02,2.645524461669749444e-02,2.891813115200866230e-02,3.134421296026628639e-02
2.037237186472379627e-02,1.942659357985593652e-02,1.539431985914457325e-02,4.970537192672860177e-02
4.101040655521587946e-02,3.490550205927402810e-02,2.370937119035007590e-02,4.492697493417328880e-02
4.536115061822299649e-02,3.477884386478565654e-02,3.528270086910302583e-02,4.861002102846066764e-02
3.775478932874118398e-02,2.077725361868842241e-02,2.447458350770673197e-02,1.964966351747065437e-02
3.131801920456198096e-02,1.948746248017387689e-02,3.651289143809574589e-02,3.448292007328892378e-02
2.013091623833650201e-02,4.371472936772188150e-02,4.350734051707987743e-02,3.229734645307665714e-02
4.737064200972609940e-02,4.811898885913281493e-02,2.846564027498897642e-02,4.974439262905695769e-02
4.279104634713501443e-02,3.334122935693401013e-02,3.049749578930319865e-02,1.999162385253994839e-02
1.561014199964985867e-02,2.606646632174723643e-02,3.632963378515471214e-02,4.868927796589381934e-02
4.668139991762982471e-02,2.966724877056730464e-02,1.521830011272710254e-02,1.791810966473110153e-02
2.492233565619185465e-02,3.235419059167440187e-02,4.780281490249536219e-02,3.850383908499294128e-02
2.938244721898038841e-02,3.023343553947896445e-02,1.949676024293198542e-02,3.173585350506777369e-02
2.692711207229302878e-02,2.138165136024579999e-02,1.014841098369258059e-02,4.475314086348180370e-02
3.081105405719113122e-02,1.988424519544916558e-02,1.441446776693656312e-02,3.133296399933245546e-02
2.622930859647606971e-02,1.887947723547624135e-02,2.586428497012990130e-02,2.551557609367360868e-02
4.605009642243422519e-02,3.871112146726462394e-02,3.904612981844174380e-02,1.873722838363783144e-02
4.651227486644285425e-02,4.602673256038650185e-02,1.629565100439629710e-02,1.826176283221297991e-02
1.739855052007761166e-02,2.215523375922799632e-02,1.273388914130978503e-02,4.288418456603339257e-02
4.699056982030726248e-02,3.351427492307654243e-02,1.425725154531140570e-02,1.359623403451621845e-02
1.362298755827566314e-02,1.614068221818102528e-02,2.046347525937026318e-02,4.879630807474021753e-02
3.971256837027124786e-02,1.822015928972691573e-02,4.519882521740338499e-02,4.851729271510241137e-02
1.093169173907334625e-02,1.389906090688422004e-02,4.095384524643010810e-02,3.337029177630337906e-02
1.152712599624831392e-02,1.576093069713652151e-02,3.366244318747332875e-02,1.369858165157131213e-02
4.674409624815906161e-02,3.713579351240879622e-02,1.499130372505851246e-02,1.500024648464201235e-02
4.496482484390166429e-02,3.694589311133778670e-02,4.228821201758500153e-02,4.063083002191138215e-02
3.752835006552179137e-02,2.233396635684567477e-02,1.563622597494711969e-02,1.484500502405807637e-02
4.446759820108922567e-02,3.866521958341524734e-02,1.468312260901665119e-02,2.341674302917159251e-02
1.589896651659226945e-02,3.946897759110361975e-02,1.092241684775973297e-02,2.127799611459687060e-02
3.611741139035538894e-02,2.262356659671502235e-02,2.015203366650526046e-02,1.810079823953614220e-02
3.773044341030842158e-02,4.969241665570419547e-02,4.273891049708842399e-02,1.455455292608236195e-02
3.381646961378226290e-02,1.242593351004135996e-02,3.685146677356127692e-02,4.730787742854847266e-02
3.181755967709912897e-02,3.035047956257001800e-02,4.163328871088847749e-02,2.595432194165869094e-02
2.180558559052844098e-02,1.875927262237770538e-02,1.437251969467532101e-02,1.089958173577160530e-02
3.414078026686151457e-02,3.254919027756671829e-02,1.316269651904869095e-02,4.158011111823996936e-02
1.808295929436113531e-02,1.645537045798477552e-02,3.882162597641655721e-02,1.201372256515336606e-02
3.944706447442273417e-02,1.649367895631750902e-02,4.486132944579733495e-02,1.602467829025905344e-02
4.520306741612711843e-02,3.184952845006529948e-02,2.064339632354345033e-02,3.042340932900798600e-02
4.712742407516229415e-02,1.012896142129635253e-02,1.877692430412734870e-02,1.137844984968542673e-02
3.799702104032790656e-02,1.568181708921042444e-02,1.801703376048051364e-02,4.142228608850299226e-02
1.473327063604026009e-02,2.937470930218811366e-02,3.044830520545401681e-02,3.292693019180152614e-02
4.213838385015903493e-02,4.010700551048185236e-02,3.196064879123517583e-02,4.251093063365708746e-02
4.515187336280865327e-02,2.924128511017586723e-02,3.750770076787533769e-02,4.770296213033716620e-02
1.465326136669000551e-02,1.507997700622426898e-02,1.819680891982737581e-02,3.725069470093587964e-02
3.996706393856807454e-02,2.068483552493627017e-02,4.385381717036723054e-02,2.084442772824141032e-02
1.479051186118605227e-02,1.415661017728381613e-02,4.008998996930129843e-02,2.011150420529551203e-02
1.084473415743128152e-02,2.710427472808352167e-02,1.759433791074739573e-02,1.424240389867227619e-02
3.732142529056178826e-02,3.297854012210284236e-02,4.029058660990497004e-02,4.668989580556451302e-02
3.048802372217489232e-02,2.405897719543169389e-02,3.461681659680113099e-02,3.460499856241310707e-02
2.529464587951376492e-02,3.850709461263208955e-02,3.695900583026214686e-02,2.973244381562881178e-02
1.704513501908070522e-02,2.189365260335435215e-02,3.716133937406341375e-02,1.857185666775103966e-02
1.676869930055489497e-02,3.945227532150829414e-02,3.646646243033585533e-02,3.633940651050687060e-02
1.548847533425486492e-02,4.904282706777116085e-02,3.629843874413515858e-02,4.584682558383598727e-02
1.666787130575359335e-02,3.383653601936075644e-02,2.686695919954923406e-02,4.578144378234948880e-02
3.763829714700805268e-02,4.736811785081871534e-02,1.814170939310411762e-02,2.057296741613690721e-02
1.406129110348786244e-02,4.330470377007231836e-02,3.851877866510237253e-02,3.858275666882825250e-02
2.128447867836596660e-02,1.881286956064964766e-02,4.907594150633073221e-02,3.655819004376616860e-02
4.572789794050348411e-02,1.009103070513598689e-02,1.288394829108610064e-02,1.874313856712594983e-02
3.825275135397625953e-02,4.677670458369312390e-02,4.698546728037514275e-02,1.000707988241878246e-02
4.219649379486060253e-02,3.072007886533495435e-02,1.053639755422709420e-02,4.418143404996198453e-02
3.129572708511640933e-02,1.211242902845507258e-02,1.098386031764140257e-02,4.606696284122972773e-02
3.686627332260782736e-02,3.917506677449748148e-02,1.374365309317476108e-02,4.050080668100640435e-02
1.223915681637471886e-02,4.315754625885475509e-02,1.282517693669022081e-02,1.859822223016611292e-02
2.642107670472565450e-02,2.496016662856193752e-02,4.718001433500677855e-02,4.253168887113181751e-02
3.998566624085577587e-02,1.458615732400159182e-02,1.345275703406361226e-02,1.934609424256418519e-02
2.502430636452436519e-02,3.815996717309732417e-02,4.930141578855045531e-02,1.608514387378221638e-02
4.744592387141105538e-02,3.083579871019607316e-02,1.757975887516526753e-02,3.076609272025778580e-02
2.775493528406795807e-02,4.372489316600493281e-02,3.214449061288104231e-02,2.250091514477283935e-02
1.049367344926254580e-02,3.117432438558488672e-02,1.930056137653456128e-02,4.707602939947519438e-02
4.654158326617794522e-02,1.223860385147281481e-02,4.302186492105519733e-02,1.418728044498656152e-02
1.877467781592461610e-02,1.212660514527287396e-02,4.090432181218843499e-02,1.995743527490002889e-02
2.066320232758896147e-02,2.094734799280509319e-02,1.168410854471547793e-02,1.706476157112492634e-02
1.008650895843192334e-02,1.187098732572616430e-02,3.861071563881988966e-02,1.624703648141403653e-02
4.845539129328478578e-02,3.347114891755881283e-02,4.434969694683786601e-02,1.709826329886211110e-02
3.823097345188529450e-02,3.385840842232270415e-02,3.928571192563920511e-02,3.864034517172743738e-02
2.027513768029833019e-02,3.949331339024650389e-02,1.885363478460095471e-02,4.939757946486852264e-02
2.446639858086290323e-02,3.858707192695906563e-02,3.337686284301485951e-02,4.218862245825509560e-02
1.606442984603279750e-02,3.783401600509194579e-02,2.312610300392011625e-02,3.598976453208135168e-02
3.127044034835339131e-02,2.446323645286068577e-02,2.517802047212854000e-02,3.062895044323559607e-02
1.045060947552777994e-02,2.340056391087956197e-02,2.904945943454170787e-02,3.824271837979488498e-02
1.339401315550683980e-02,3.264686097544906851e-02,3.249526787557938112e-02,2.044324164614119699e-02
4.919316877050040199e-02,3.483672095379569678e-02,1.836487126158123373e-02,1.867123176340771198e-02
4.535462672654964195e-02,2.148477061772470845e-02,2.034668275093232115e-02,3.668865868389822871e-02
2.675654889910121514e-02,1.728285213004808127e-02,4.445704464787601090e-02,3.372172588413924893e-02
2.512880166472580140e-02,3.950214187783811920e-02,3.407626129912939145e-02,2.736137610045584478e-02
1.730940327331372680e-02,1.966895615659575158e-02,2.676465091068504915e-02,1.553464165698138430e-02
2.157682024084378244e-02,3.285164369941458162e-02,4.494323114785186979e-02,1.067876835660023019e-02
2.896966520266974765e-02,3.792600708599505599e-02,1.206953441307902393e-02,2.767753536845743434e-02
4.252648622387431021e-02,4.700813116163082145e-02,2.804203588483518417e-02,3.804075297960835683e-02
4.229844613710306844e-02,4.886270442485567828e-02,3.587294193081011495e-02,3.954795467478983140e-02
2.049678722064693023e-02,4.077368941738642588e-02,4.431226894533583927e-02,1.675970768110951470e-02
3.703499030876097886e-02,1.685003626102046445e-02,2.653375474841139503e-02,2.094844022875937475e-02
1.022753784160149691e-02,3.493180597449457164e-02,4.513495943414182199e-02,3.417507300576503454e-02
3.396368113241914066e-02,3.318826040466692912e-02,4.610514029457270235e-02,2.795160296617676954e-02
1.741621877141953656e-02,2.547340015099725657e-02,1.572936417006545393e-02,2.764391795578463595e-02
4.453523894370942093e-02,3.338651081195632281e-02,4.243561308019939277e-02,4.272337516448471845e-02
3.365226960960622515e-02,1.277180849675389057e-02,4.561530969765555804e-02,3.622769445578503250e-02
4.147872012190393504e-02,3.579844993033793471e-02,3.855515704584339121e-02,1.152008860654611146e-02
3.508350471500937956e-02,4.559338297494137243e-02,3.577017618084540190e-02,2.799537106061966707e-02
1.134529295706809826e-02,2.000432835219890376e-02,1.071114153215692658e-02,2.990861251805148474e-02
2.772285916211840451e-02,1.852181328556187084e-02,2.296839009387949271e-02,1.967263572639744301e-02
2.020577355726683316e-02,2.558613958991372284e-02,2.643968125388072160e-02,2.092617647246036716e-02
4.359203257101287171e-02,4.213515677719344155e-02,3.301550564179497882e-02,1.191621108186665702e-02
1.198019704870348021e-02,2.408200313425664513e-02,1.329678158663165355e-02,1.389207632314820931e-02
2.843187785238810578e-02,3.292979657573281288e-02,4.472871834553173581e-02,2.365868071070566236e-02
2.682043568145155155e-02,2.450528241896226395e-02,3.022827204581166743e-02,4.192149182012924052e-02
1.174969615717565315e-02,4.882907235036428734e-02,1.543353980715110423e-02,3.860433552341231006e-02
1.529993535884701349e-02,2.268983528977444597e-02,2.506205927047995552e-02,1.069452144746494554e-02
1.463110867252784622e-02,4.283778851175026881e-02,3.866981069425677597e-02,1.165726198876090858e-02
3.122413045188782849e-02,4.329405188307774294e-02,4.036135619727529433e-02,4.467390785523900343e-02
2.873660756539945377e-02,2.323835311528799075e-02,3.819457762306154025e-02,4.641861129638413103e-02
1.710162589563112706e-02,1.235399710037253865e-02,4.737905037581931211e-02,4.422240826588777485e-02
3.925096177032794814e-02,2.083846189807281313e-02,1.277395463294676153e-02,2.658569092319855443e-02
2.153808869752701222e-02,1.321582228797050368e-02,2.013189573995009460e-02,1.540720602388008856e-02
2.966774817977210071e-02,4.750109990351079892e-02,4.795217449754088368e-02,2.456040282498412469e-02
1.856069915901823256e-02,2.305147835566756509e-02,3.563505958494233433e-02,4.277525816738528969e-02
2.231585227146076766e-02,2.113022310757081343e-02,2.530612858284419717e-02,1.761849585612087696e-02
2.216429517452665060e-02,4.130217636524506630e-02,4.092552159183306809e-02,3.051480297205470815e-02
3.721835505755162476e-02,1.298005639247547076e-02,3.017443829236039765e-02,3.270883386247449426e-02
4.631843300884799786e-02,3.281477766974714994e-02,3.532189656054970928e-02,1.667072343901115916e-02
3.135888515789835018e-02,4.707067734061270298e-02,4.987461637994183850e-02,1.821694759467654828e-02
1.351843409152539768e-02,3.762501873358713167e-02,4.133309949613783729e-02,2.282005399241952837e-02
4.868916769102567266e-02,1.271055629156239708e-02,3.417409149403807106e-02,4.589416408999286850e-02
2.133751156520770353e-02,4.753819344317963130e-02,1.689213466216437157e-02,3.424548250847221642e-02
4.822393785856003007e-02,2.241154502467968684e-02,3.482513594753749997e-02,2.030849186580755902e-02
2.628457378876833395e-02,4.943223416564520439e-02,2.422904831438879927e-02,4.382988314462271662e-02
2.757700627431548118e-02,4.114044777672733882e-02,4.591625647961589812e-02,3.399284794977363439e-02
2.339685317265757444e-02,1.812068761654882232e-02,4.442096490545966586e-02,1.653141929295850326e-02
3.992896893951668191e-02,2.769445298142662187e-02,1.268938652390254329e-02,4.039928765646685210e-02
1.116636351907527268e-02,1.757478955372802215e-02,4.488386399822079376e-02,2.948253855831887982e-02
4.905507320941460830e-02,1.286404124601602493e-02,3.919063283933688774e-02,4.177197514212196983e-02
1.385782731856210342e-02,4.019135331276441070e-02,3.705479484047079219e-02,4.469020677882375170e-02
3.211844879301735400e-02,2.950676457426832516e-02,3.926236193513685940e-02,4.427447884225396008e-02
3.922423210936486909e-02,2.598063556709830774e-02,4.539550502178005265e-02,4.883452140533446617e-02
4.743618249229833439e-02,2.514924051232400939e-02,2.097664540366914188e-02,3.486470172560075104e-02
1.375186874189590625e-02,1.610882796761245114e-02,2.832609483827975422e-02,1.895395111513836772e-02
2.423126429866917508e-02,3.031772917473370826e-02,2.526210319584693692e-02,1.127392800964698537e-02
2.383183275739503976e-02,4.182420053303866764e-02,1.002119225434932627e-02,1.260937475184294165e-02
2.790015562523980031e-02,1.193412413025991478e-02,3.253966010019277572e-02,4.353451996730926116e-02
2.811660802355685912e-02,2.062855103250543082e-02,4.500121677661263891e-02,1.516533657247111713e-02
4.768352120530891525e-02,2.626644335903292882e-02,1.178014326498448908e-02,1.177740841320376076e-02
1.826982172512556929e-02,4.755408682135058018e-02,3.238268702041047220e-02,2.249738390801248045e-02
1.389106174117144855e-02,4.835521912231665470e-02,4.911933922969832084e-02,4.664140606194972644e-02
1.281654526561757518e-02,2.751528397399560094e-02,3.420883171870364031e-02,2.359894342015265295e-02
2.671731109589110809e-02,1.109787698762322583e-02,3.969389969791965733e-02,1.244384601256527667e-02
3.445638710989948339e-02,2.483697566246662047e-02,4.015839288472542595e-02,1.946104671813003034e-02
4.991018221338236471e-02,3.760804492839674162e-02,4.484581706888760011e-02,3.378620794656653908e-02
3.272631476223277630e-02,1.647919355352134990e-02,2.909500896446620688e-02,2.997058251583458593e-02
3.711695787253764534e-02,4.747791431569322457e-02,2.618810344685409963e-02,1.925301333652893604e-02
4.345805847131672256e-02,4.710574185033768874e-02,2.386070190259757806e-02,2.821854165793073743e-02
4.693243458241760924e-02,4.177935074231811652e-02,4.251020849409239966e-02,2.074344114004387368e-02
1.792165148022890550e-02,1.349925467142044748e-02,3.985599139048251471e-02,2.962412707332665734e-02
1.065039101931862693e-02,1.106578424614258066e-02,2.697483730426671750e-02,1.809389132855276222e-02
3.730028649257877138e-02,2.204949429489844875e-02,1.632313278392276412e-02,3.814267921302690045e-02
1.768548763889183500e-02,4.067860373962538939e-02,3.445206730794803801e-02,4.627937837288646772e-02
1.079395380133075719e-02,1.859851993098728118e-02,4.407471863217250763e-02,4.894203122329841837e-02
4.355282110480349772e-02,2.276468032718570109e-02,4.267380119089434626e-02,4.068814062430170519e-02
2.961630458834742935e-02,2.576947846269680292e-02,2.092562820643856236e-02,4.296455604183915811e-02
4.277758134049157446e-02,1.398528547524816382e-02,2.108399516081820024e-02,3.327869566444475319e-02
3.503634919920543822e-02,3.915226561813068412e-02,1.368574897866594794e-02,4.343534501637581757e-02
2.283865565551426724e-02,1.642834907521523169e-02,2.715192735169703886e-02,4.035203839935617293e-02
2.432956367671446421e-02,3.811895688566027673e-02,2.001311888539638456e-02,4.998732315083533745e-02
1.251172177325493053e-02,1.086708968661522813e-02,1.354978456127067452e-02,2.788106094032554577e-02
4.880826698933081464e-02,2.888836896016220429e-02,1.598213245414074890e-02,4.306287085696794414e-02
4.474400807432896837e-02,1.539852425832563369e-02,4.541841758866417555e-02,4.799190282387180706e-02
2.373544709823537102e-02,2.848164217489940891e-02,1.410627214290599736e-02,2.053472422788329976e-02
4.687847166223035877e-02,3.547405822704760570e-02,1.795503869698088575e-02,3.891679861904469989e-02
3.887475919379489164e-02,3.460444285028789480e-02,1.213399433739391180e-02,1.504020026569066054e-02
1.195797255660146184e-02,1.635493904161318054e-02,3.361772711438463374e-02,4.693428552586276226e-02
1.722912414749862980e-02,4.248098821639080536e-02,1.012142407004087974e-02,4.119515705440500442e-02
1.978479916607309846e-02,4.650859329607099496e-02,1.216825369276237565e-02,2.955544814567534484e-02
1.775949195976210190e-02,3.411083170370798195e-02,3.986975715676279591e-02,3.831923068017743100e-02
3.573643113779011171e-02,3.637509452248356007e-02,3.737789609315548406e-02,1.240410790238201041e-02
1.380148591757403981e-02,4.022963298151441963e-02,3.170444120512485447e-02,1.863367166895531571e-02
2.593887506755821609e-02,2.439798866173616132e-02,2.433416821710590247e-02,1.916573902367987511e-02
3.642669412873814766e-02,1.258104802357028901e-02,3.935619701726962572e-02,1.777347586661429113e-02
