step,total,pde,ic,inlet,outlet
1,0.07955873349177438,0.03602261599661763,0.020218641900672307,0.023290369715679805,2.7105878804623763e-05
2,0.041361034340671565,0.007971203718210394,0.018691758029449664,0.014683411844056691,1.4660748954817014e-05
3,0.033359633263207684,0.006076987610620221,0.01512016836056648,0.012140891287047442,2.1586004973546294e-05
4,0.03075426610795773,0.005239806096477494,0.01249002986035612,0.013019851458678573,4.578692445544669e-06
5,0.028201032033518293,0.0047682076243383015,0.011232925756548611,0.01219399367936213,5.904973269250987e-06
6,0.027081460025272605,0.004676418457822922,0.010991906762443975,0.01141160712789666,1.5276771090475758e-06
7,0.026203643696001554,0.0042513452920362104,0.010607947877954629,0.011344212028161826,1.3849784888776248e-07
8,0.023883570949364167,0.004107799314161084,0.009850808589596426,0.009924962738515473,3.0709118241648254e-10
9,0.02239197268806478,0.003104557741888142,0.010075549868788402,0.009211863494825601,1.5825626320829451e-09
10,0.021059331658959717,0.002671082741844306,0.009445115835810747,0.008943129444924619,3.6363800457966625e-09
11,0.020509410645862234,0.0029841636973613776,0.009349619956216365,0.008175565888149354,6.110413513605182e-08
12,0.019927804776764556,0.003022505042968243,0.009124714306095485,0.007780571518008318,1.390969251013748e-08
13,0.019266276923993065,0.0025352776998407273,0.00877231595868445,0.007958650554515665,3.271095222057646e-08
14,0.01872050927602866,0.00228352279583628,0.008405941499413575,0.00803103102527195,1.395550685563973e-08
15,0.01855304501129099,0.0025161227955331333,0.008413797582493564,0.00762311534724268,9.28602161006122e-09
16,0.018211278046643044,0.0024908992002402185,0.00810239028209886,0.007617987839757578,7.245463887277967e-10
17,0.01790101791231292,0.002443570004753398,0.008579749081562586,0.0068776988256486135,3.4832076606394034e-13
18,0.017543103800082362,0.0021780582745781893,0.008493116512674785,0.006871929012829088,3.0047080293630436e-16
19,0.0172264098993929,0.002154858193475748,0.008304367052840895,0.006767184653071144,5.109304481211316e-15
20,0.01681036608463365,0.001863598463673433,0.0079670968890182,0.0069796707319226105,1.9406354837676766e-14
21,0.016614769661847353,0.0020990794367078324,0.008007530535631347,0.006508159689434754,7.34184805645318e-14
22,0.016491813550586668,0.0021309298350127245,0.0076356789672311865,0.006725204738722699,9.620058407610157e-12
23,0.01615503116058032,0.0018259609008882429,0.00802203702999702,0.006307033227080263,2.6147983661735256e-12
24,0.015970328833492926,0.0019052012710865183,0.007866766115223888,0.006198361415706596,3.1475920916325396e-11
25,0.015862161238089558,0.0019919053194108805,0.007788016288329451,0.006082239628333085,2.0161397186916753e-12
26,0.015431209964150492,0.0020859644199220976,0.0076283323895505835,0.005716913154634047,4.376510250995009e-14
27,0.015365380104584275,0.002134767626297298,0.007719108161021366,0.005511504317043186,2.2242511867646562e-13
28,0.015281771937756499,0.002265344038935615,0.007334000987755281,0.00568242691056282,5.027844447296079e-13
29,0.015197096881542922,0.0021906593806384415,0.0074684409959717216,0.005537996504790448,1.4230954746359522e-13
30,0.015030780012970837,0.001859883511323329,0.007144457965877847,0.006026438535678098,9.156282574097849e-14
31,0.014985318477919906,0.0016719327710996061,0.007413193870213422,0.005900191836495937,1.1093831063722627e-13
32,0.014785588934671709,0.0016792919869755164,0.007330307805025737,0.005775989142666533,3.922478539882348e-15
33,0.01473372655342249,0.0017421782787480518,0.007206152400253792,0.005785395874419987,6.583187597934586e-16
34,0.014582570388016965,0.0017198514887663563,0.007262901397554372,0.0055998175016922684,3.969304556007924e-15
35,0.014479805247135626,0.0016388988393682864,0.007059065460833637,0.005781840946863473,7.022996057056062e-14
36,0.014426785060121142,0.0015008926143055433,0.007127386038393745,0.005798506406751007,6.708445175302945e-13
37,0.014361246065899476,0.001551411512353809,0.007274466309738138,0.005535368243445019,3.625103396426174e-13
38,0.01419874964762448,0.001597911451209809,0.006850953454162897,0.005749884741432771,8.190025856893189e-13
39,0.014093325325128327,0.001484041347014701,0.00683268325647461,0.00577660072144586,1.9315372950590336e-13
40,0.014055078405378823,0.0015260445228467009,0.006768724875384673,0.005760309006938,2.0945137559217947e-13
41,0.013975788847017445,0.001574126331644315,0.006689083741055567,0.0057125787743099905,7.571717224626282e-15
42,0.013913474962759464,0.0016305768327614745,0.006518831647253904,0.005764066482741535,2.5507951916802355e-15
43,0.01379439931211444,0.0015168933540939478,0.006594392432638619,0.00568311352537337,8.503731012778424e-15
44,0.013620663012201127,0.0012283971772117932,0.006867611167769322,0.005524654667192097,2.7915731353984583e-14
45,0.01350106309911268,0.0011478100404329612,0.006755574905528416,0.005597678153096402,5.4902888084915874e-14
46,0.013364596991274081,0.0011614935366188923,0.006838118258902013,0.005364985195728309,2.4867814362518058e-14
47,0.013318872145921186,0.0011893933192705743,0.006742280863425015,0.00538719796314758,7.801515305699991e-14
48,0.013302379620499596,0.0011834135557822077,0.006699229469573413,0.005419736595090412,5.356246988735902e-14
49,0.013286346731034397,0.0012011195548759775,0.006702322363195229,0.005382904812855361,1.0783026560303712e-13
50,0.013216521907285369,0.0012294086292169732,0.006843448531139976,0.005143664746742224,1.8619723058874955e-13
51,0.013183343675362119,0.0012483433873913944,0.006861214627454938,0.005073785660488023,2.7764121568422244e-14
52,0.013165491809446025,0.0012427953150383208,0.00688140402518883,0.005041292469207513,1.1363122498782117e-14
53,0.013092283638257903,0.0012432959036135212,0.0066283630848437275,0.005220624649798217,2.4377131410653706e-15
54,0.013056638513648876,0.001299638447675717,0.006614279890535267,0.005142720175436435,1.4568826841354834e-15
55,0.012995753490454672,0.001318122776346136,0.006640706995324233,0.005036923718768297,1.6005656694630933e-14
56,0.01296147142076679,0.001238947346193831,0.006650639712879166,0.005071884361636088,5.770640663052654e-14
57,0.01295413559395805,0.0012281428296566411,0.006632792294817305,0.005093200469371155,1.1295016176774602e-13
58,0.012943951935055955,0.0012554346389312353,0.00662186837597705,0.005066648920062966,8.470320274793056e-14
59,0.012934323259037475,0.0012671814705365772,0.006652230348836023,0.005014911439628015,3.68598008103716e-14
60,0.0128879511110222,0.0012935563126856295,0.006720440333192689,0.004873954465112529,3.135404839288825e-14
61,0.012833261646427405,0.0012969277854532237,0.006754026445942142,0.004782307414986121,4.5917798321534694e-14
62,0.012761799971059407,0.001325450154743673,0.0066301425992317704,0.004806207217053726,3.023583331810744e-14
63,0.012707486819649361,0.0012801330249577274,0.0066160995821128495,0.004811254212572559,6.2236173185587066e-15
64,0.0126538012898054,0.0013237801611223293,0.006604868773610728,0.0047251523550700765,2.263269573204936e-15
65,0.012639470601450684,0.0013180726484329978,0.006614983871124109,0.004706414081891612,1.966055459594278e-15
66,0.012632772198289795,0.0013157146050950005,0.006580226665519536,0.004736830927669928,5.330681103049235e-15
67,0.012626725540168901,0.0013174186036261143,0.006516420655007798,0.004792886281531479,3.511064414249545e-15
68,0.012603537382670293,0.0013208112608588442,0.006414235714827073,0.00486849040697158,1.279543200049726e-14
69,0.012576617594285466,0.0012827237063673378,0.006351291281442183,0.004942602606426331,4.961289311504097e-14
70,0.01255127082850448,0.00127543612282657,0.0063837959924811435,0.004892038713120039,7.672674967711861e-14
71,0.01252332199682775,0.0012656305307984744,0.006175819050570219,0.005081872415407243,5.181187319682258e-14
72,0.012490935563617094,0.001256252339840853,0.006310538611156494,0.004924144612581663,3.8083260555077666e-14
73,0.012433820110575434,0.0013059079490691514,0.006343654165360314,0.004784257995315111,8.308578928320292e-13
74,0.012389204060726852,0.0012656945249090942,0.006232915556986305,0.0048905939772617615,1.5696922821563184e-12
75,0.012322550254155466,0.0011670594455637196,0.0060867431490365395,0.005068747655578098,3.977107849201969e-12
76,0.012306337329656704,0.001159440409317447,0.006076438790656136,0.005070458126938204,2.744917583490978e-12
77,0.012272294042871564,0.0010869009598600706,0.006171069480033785,0.005014323601773129,1.2045787722729988e-12
78,0.012250611013924289,0.0010739461165173872,0.0061999801813383435,0.0049766847150534,1.0151585687312542e-12
79,0.012244170605246383,0.0010865613556499073,0.006227808805828771,0.004929800442438109,1.3295958253739845e-12
80,0.012230060391942415,0.0010922003529509803,0.0061517167424828675,0.004986143295496718,1.0118483422775479e-12
81,0.012186910892307161,0.0010755175128712483,0.006249782944989406,0.004861610431925239,2.5212676432477724e-12
82,0.012139402169064745,0.0010869650457898015,0.006078302842786933,0.004974134244717287,3.5770723628458445e-11
83,0.012069966803178506,0.001036209339858827,0.006106123834401622,0.004927633602587713,2.6330344267385166e-11
84,0.012005840038036045,0.0009866129115579541,0.00590220291869275,0.005117024054540783,1.5324455746594243e-10
85,0.011970096858292352,0.0009442681579303735,0.005809319196167419,0.0052165094201953015,8.399925676791357e-11
86,0.011943060621697577,0.0009220338157795431,0.005821621833403995,0.005199404930749683,4.176435600656404e-11
87,0.011925449542190556,0.0009098593069851647,0.005792732293706832,0.005222857899600749,4.189780921859025e-11
88,0.011905290419282332,0.000938544542529221,0.005668996379787229,0.0052977491763861115,3.205797686116845e-10
89,0.011893058921524133,0.0009505234513807408,0.005784528671097112,0.005158006291442546,5.076037332528814e-10
90,0.01188609898734116,0.0009484370842325957,0.005749389982352445,0.005188271486127082,4.3462903801912406e-10
91,0.011879382313675182,0.0009303672213466409,0.005747691427616539,0.0052013231626934445,5.020185566568617e-10
92,0.011875976779680745,0.0009322547977067528,0.005755580592826354,0.005188141029685369,3.5946227086411464e-10
93,0.011869470905109751,0.0009376631870511195,0.0057203112087367315,0.005211496207906714,3.014151859731873e-10
94,0.011865354081489263,0.0009375684909127107,0.005731075689714055,0.005196709624911383,2.7595111517670916e-10
95,0.011857023780475496,0.0009203105753036481,0.005792825028100018,0.005143888039098104,1.37973726328396e-10
96,0.011847570989921685,0.0009288286608826101,0.005882828030842588,0.005035914013277125,2.8491936277895336e-10
97,0.011842914618226284,0.0009336912253376632,0.0059373555465586135,0.004971867449948954,3.963810546966551e-10
98,0.011786968039630632,0.0009213364151022128,0.005866150906225977,0.004999480338272053,3.8003038920325654e-10
99,0.01173694241535324,0.0008952728114411377,0.00577964625601303,0.0050620228452080305,5.026910439740971e-10
100,0.011709361281614579,0.0008855320965722569,0.005698062704039084,0.005125765723496301,7.575069379326387e-10
101,0.01169476699691495,0.0008645275618514912,0.005709796902339761,0.005120441848063463,6.846602369290571e-10
102,0.01168543918078561,0.0008470478583331302,0.005724272568930104,0.005114117919277112,8.342452613553966e-10
103,0.011675935071235618,0.0008650846564317019,0.005769959222262535,0.005040890421428615,7.711127665002923e-10
104,0.011664285632514551,0.0008551683055398026,0.005810964049852373,0.004998152552735693,7.243866826700998e-10
105,0.01165729065767019,0.0008408837023063424,0.00582689726706386,0.004989509099854704,5.884452838818989e-10
106,0.011647121457374723,0.0008320518210372117,0.005809952714278811,0.005005116363519954,5.585387473642299e-10
107,0.011630230359447482,0.0008138084137428868,0.005867801413849154,0.004948619833043533,6.988119080361772e-10
108,0.011623833543091442,0.0008010442863463981,0.005903568349011797,0.004919220040772162,8.669610851884593e-10
109,0.011614965621968877,0.0008064962042667593,0.005921626146050139,0.0048868423541191235,9.175328546464677e-10
110,0.011608019977030875,0.0007937101624753824,0.0059123312735243246,0.004901977542414851,9.986163161648885e-10
111,0.0116032231043306,0.0008030090931679462,0.005898499290757771,0.00490171370170476,1.0187001250134053e-09
112,0.011573477110045942,0.0007873915683723038,0.0058011795236802555,0.004984904856548338,1.1614450433053999e-09
113,0.011537126580897686,0.0007776071019272596,0.005816726311853063,0.004942791373593841,1.7935235229447334e-09
114,0.011512015933330347,0.0007680530653856157,0.005861234850964998,0.004882725449726573,2.5672531602216457e-09
115,0.011498297795935399,0.0007620118989159828,0.005827995889547193,0.00490828795383888,2.053633343961743e-09
116,0.011490931895569968,0.0007615304464779222,0.005772660515114278,0.0049567389834248785,1.9505528901896013e-09
117,0.011479621519206454,0.0007712225995265884,0.005792367844545649,0.004916028631787548,2.4433466688382303e-09
118,0.011471096073566249,0.000783352898357395,0.00573215800727026,0.004955582585591037,2.5823475562677807e-09
119,0.011458958703363413,0.0007874806500241763,0.005597974132802155,0.005073499703851626,4.2166854560531055e-09
120,0.011451108211001726,0.0007912124139939842,0.005588322482273747,0.005071567397297342,5.917436653296748e-09
121,0.011443815321648197,0.0007898850842200629,0.0055917989744585,0.005062125646549196,5.616420437862665e-09
122,0.011431968317638421,0.0007837505754224946,0.0055230892010527865,0.005125121210139996,7.3310231447510125e-09
123,0.011422049075631605,0.0007681900360768815,0.005510632971561687,0.005143220842533287,5.225459749804279e-09
124,0.01141696651478404,0.0007540462857384716,0.005552353562838619,0.005110562290437156,4.37576979363379e-09
125,0.011411755147148444,0.0007556855744751355,0.005543011554840526,0.005113054039894719,3.97793806195982e-09
126,0.01140734075716554,0.0007391103371260876,0.005539255561024122,0.005128971916136352,2.9428789787715413e-09
127,0.011403806175925582,0.0007496162857797029,0.0055083300248147575,0.005145856252770648,3.6125604737033004e-09
128,0.01139851593638904,0.0007469256134484024,0.005480881312789551,0.005170706291445876,2.718705212662031e-09
129,0.011396288822224229,0.0007547471139718884,0.005500397687694039,0.005141141174246485,2.8463118168404436e-09
130,0.01139167011146911,0.0007444173513474966,0.005571698321616235,0.005075551955213629,2.483291746875943e-09
131,0.011390084033427608,0.0007559090516062944,0.005574592573897534,0.005059579700409144,2.7075146340098735e-09
132,0.011387558066446543,0.0007568546684243511,0.005620814290376124,0.005009886429114752,2.6785313156713448e-09
133,0.011382623772986614,0.0007557020817784133,0.005657592733022791,0.004969325958108608,3.0000768018194665e-09
134,0.011372947336335674,0.0007411160821456475,0.0057112022371761965,0.004920626595582984,2.421430845947475e-09
135,0.011359822174580175,0.0007552382779179583,0.005657793210633479,0.004946788574831688,2.1111970510162425e-09
136,0.011350215811563482,0.0007488174653472958,0.005636063510555113,0.004965333000680072,1.8349809999960017e-09
137,0.011334285038213127,0.0007364618533895106,0.0055570469610796884,0.005040774696994984,1.5267489429568216e-09
138,0.011328380343783608,0.0007299219172396668,0.005598819795093038,0.004999637039973664,1.5914772392335879e-09
139,0.011320530426584935,0.0007144996549811347,0.0056416178832749886,0.004964411238478198,1.6498506114219817e-09
140,0.01130412139977307,0.0007048452329574924,0.005544034306070475,0.0050552403106527135,1.5500923889570362e-09
141,0.011297511190251542,0.0007092977764719688,0.005534553386037999,0.005053658413457831,1.6142837427603983e-09
142,0.011294989217597105,0.0007065205939999782,0.005516373102430022,0.005072094068906369,1.4522607351754553e-09
143,0.011288065269589862,0.0006863096116123517,0.005444123634152404,0.005157630640178758,1.383646349359415e-09
144,0.011278315204495242,0.0006845800747197654,0.0054179475915458325,0.005175785921555056,1.6166745883549875e-09
145,0.011270605407939609,0.0006673919046263395,0.005418796975141811,0.005184415024439764,1.5037316944327174e-09
146,0.011256857713189369,0.0006746888082403408,0.005432321108015651,0.005149846275280497,1.5216528816389618e-09
147,0.011249428946840154,0.0006782235012813493,0.00546534572300055,0.005105858224146176,1.4984120785080188e-09
148,0.011245335769375137,0.0006721001044823272,0.0053973662876285935,0.005175867911205567,1.4660586471849284e-09
149,0.01124147410620529,0.0006640881762563331,0.00539463188053045,0.005182752435180099,1.6142384071449344e-09
150,0.011237550971335369,0.0006717404970140108,0.00536415261931941,0.0052016562092576865,1.645744261081808e-09
151,0.011231070476409172,0.0006761981916494525,0.005361642888482851,0.005193227789811459,1.6064654083891472e-09
152,0.011225294229326999,0.0006823849820848936,0.005314377154355717,0.005228530638302462,1.4545839260529763e-09
153,0.011220539216282114,0.0006889108740367007,0.005268748667435188,0.005262878299674642,1.3751355830659216e-09
154,0.01121838922377167,0.0006857285658231217,0.005246706745946768,0.005285952601664649,1.3103371309049706e-09
155,0.011209414373795695,0.0006799848274389298,0.005290302051388554,0.005239126215747642,1.2792205688028896e-09
156,0.011200218287878969,0.0006859634914090415,0.005295598836427956,0.005218654853568673,1.1064732986527565e-09
157,0.011195378294469802,0.0006983748332635103,0.005288977792199162,0.005208024529024301,1.1399828288031871e-09
158,0.011190036001503926,0.0006924344209356831,0.005264504361536967,0.0052330962176408155,1.0013904605082148e-09
159,0.011188020675677807,0.0006981774613356825,0.00524226318164638,0.005247579024597759,1.0080979848584531e-09
160,0.01118394484970537,0.0006917851576769857,0.005197197448875839,0.005294961145145994,1.0980065500813749e-09
161,0.011181199651887042,0.0006844702769605658,0.005196762628959114,0.005299965590219139,1.155748222335725e-09
162,0.011178703487045048,0.0006804685406522421,0.005189345797165733,0.005308887936708111,1.2125189612804514e-09
163,0.011176642005653664,0.0006748361948417504,0.005195562262543371,0.005306242324019603,1.2242489393333317e-09
164,0.011172607193702033,0.000679878235453168,0.005197126062228748,0.00529560161305947,1.2829606462703217e-09
165,0.011162120975932359,0.0006796479632028941,0.005238291272785061,0.005244179607514812,2.1324295930784042e-09
166,0.011159497738546312,0.0006776721216614424,0.005259443690929498,0.005222379913874224,2.012081147473439e-09
167,0.011155051147678582,0.0006747113141604309,0.005271549062125613,0.005208788363637725,2.407754813172413e-09
168,0.011149195372823256,0.0006751664129109462,0.005255558973774705,0.005218467761049411,2.225088192748292e-09
169,0.011146427330302444,0.0006725791482719828,0.0052854139378566,0.005188431908314086,2.3358597744495342e-09
170,0.011142543975200191,0.0006693213986917472,0.0052473429427779585,0.005225877201200114,2.4325303707518996e-09
171,0.011140388669856774,0.0006703989621580799,0.005232583050499889,0.005237404118565376,2.538633430278082e-09
172,0.011135462858950592,0.0006693408985732319,0.00520434796164202,0.005261771277659299,2.7210760402608527e-09
173,0.01113458038279803,0.0006679216175843295,0.005191308279515669,0.005275347541103203,2.9445948286006386e-09
174,0.01113381745297427,0.0006664972464576746,0.005187041275180961,0.005280275707755769,3.2235798656297854e-09
175,0.011131707457843256,0.0006659797028362807,0.005160412097351832,0.0053053127409203255,2.91673481706208e-09
176,0.011128725332882944,0.0006684543524560943,0.005109851689825112,0.00535041603446805,3.2561336877007656e-09
177,0.011127034538951372,0.000663453587555239,0.005137809882155348,0.005325767961993052,3.107247731803673e-09
178,0.011125454975293195,0.0006654590987856608,0.0051503654054844816,0.005309627264887658,3.206135395410648e-09
179,0.01112450486989202,0.0006663194746489728,0.00514317357378821,0.005315008626271832,3.195183007552824e-09
180,0.011122795305421236,0.0006703280681788425,0.005147778581761316,0.00530468564924623,3.006234849013641e-09
181,0.011118261071020766,0.0006694165731006501,0.005134554332499336,0.005314286161177237,4.004243544936813e-09
182,0.011115106236720686,0.0006669711878665696,0.005170248319268984,0.005277882730187967,3.999397166632578e-09
183,0.011109101308430036,0.0006696228328919749,0.005228892039909724,0.005210582566262146,3.869366192706496e-09
184,0.01107379228641166,0.0006642951307719108,0.005334281162331772,0.005075208602241112,7.391066866038733e-09
185,0.011063400084403919,0.0006752733233243196,0.005369650438062403,0.00501846718294525,9.140071946618123e-09
186,0.011051349932962416,0.0006739257006712079,0.005359030650362822,0.005018383524408485,1.0057519901313787e-08
187,0.011047466246940923,0.0006793678483388084,0.00537187147914827,0.00499621444969291,1.2469760934464766e-08
188,0.011043222675384079,0.0006741274840071443,0.005431084427309218,0.004937998657190683,1.2106877034627886e-08
189,0.011038783432523238,0.0006695811051506973,0.005376816058118767,0.004992375274246197,1.0995007575988296e-08
190,0.011036374906645394,0.0006774863608428034,0.00538438609313332,0.004974489518150623,1.2934518648776968e-08
191,0.011034727903455117,0.000684019952329877,0.0053856072594451335,0.004965087112898221,1.3578781886938398e-08
192,0.011034339438141772,0.0006854085341008626,0.0053792738294155,0.0049696432054639784,1.3869161430585041e-08
193,0.011033573500768161,0.0006866558259202161,0.005387878555904397,0.004959024382496005,1.4736447543364359e-08
194,0.011032776156803193,0.000682254433415185,0.005358294571563423,0.004992212651483347,1.4500341238206523e-08
195,0.01103213411447073,0.0006785414842729558,0.005347099482455293,0.005006478744456984,1.4403285499000893e-08
196,0.011031106840256,0.0006770135162700492,0.0053528871153648815,0.005001191271234671,1.4937386399393935e-08
197,0.01103007469544982,0.0006763637817316256,0.005339700911857763,0.00501399581693678,1.4184923652075827e-08
198,0.01102912167812696,0.0006772508647222498,0.0053227363389696065,0.005029119011568447,1.546286665732117e-08
199,0.011028713044124333,0.0006801857921627252,0.005318747228093257,0.005029764204901453,1.5818966898864058e-08
200,0.011026048257411445,0.0006700396386450534,0.005338440280898925,0.005017552473805887,1.5864061579771806e-08
201,0.011024924793550913,0.0006637969253983196,0.005354231064706591,0.005006881850859813,1.495258618768534e-08
202,0.011024254222703627,0.0006667031464237938,0.005331780058061193,0.005025755852287388,1.5165931252533016e-08
203,0.011023940301880785,0.0006681778099039754,0.005337416731434934,0.005018329999128575,1.5761413301732383e-08
204,0.01102364328502763,0.0006673910559317948,0.005342423169503836,0.00501381335884226,1.570074973936697e-08
205,0.011022846658320066,0.0006689186395241438,0.0053466270419232735,0.00500728609076923,1.4886103417423837e-08
206,0.01102106268938043,0.0006696762163196475,0.005324110070669691,0.005027261427429008,1.4974962083457913e-08
207,0.01101811700263451,0.0006749730776379217,0.005312643951308774,0.005030484261651538,1.571203627643168e-08
208,0.011017424455253342,0.0006736410382455372,0.0053146091203671525,0.005029158673087931,1.5623552720690824e-08
209,0.011016253969193757,0.0006743837214884514,0.005338173062398368,0.005003682113610745,1.5071696193058267e-08
210,0.011013887947051612,0.0006748843447070163,0.005346079310279841,0.004992907351766838,1.694029791602296e-08
211,0.011010595013358715,0.0006838647008586993,0.005373061152428379,0.004953648327243506,2.0832828129940155e-08
212,0.011009028693962525,0.0006866846537844414,0.00537113328519332,0.004951190523996271,2.0230988493111887e-08
213,0.011008136780011975,0.0006842528180253243,0.005352652977328449,0.00497121094191051,2.0042747692909597e-08
214,0.011006728704135658,0.000685146074569938,0.0053412092344013095,0.0049803525432440396,2.085192037106455e-08
215,0.011005850165861527,0.0006888328418209425,0.005331502665119662,0.004985493121504924,2.15374160007296e-08
216,0.011004093210021498,0.0006925943838061969,0.005333649411810941,0.004977827748549158,2.1665855202608918e-08
217,0.010999220846061543,0.0006932333392780628,0.005394818634660116,0.004911144180551726,2.469157163881463e-08
218,0.010997875357838024,0.000693475671957316,0.005403116685966006,0.004901259046922637,2.395299206622926e-08
219,0.010995805384828854,0.0006942850126739177,0.005368041445499709,0.004933454562252224,2.436440300174138e-08
220,0.010988839828085283,0.000693238063508126,0.005358505691812044,0.0049370732515024406,2.282126267317791e-08
221,0.01098187557057046,0.0006815113909407075,0.0052711287101966965,0.005029213280879892,2.2188553162629966e-08
222,0.01097961292232117,0.000687908835693399,0.005267116637373869,0.005024565488459583,2.196079431947184e-08
223,0.010976763778242204,0.0006879397314607646,0.00524955064341755,0.005039251053458096,2.2349905795000972e-08
224,0.010975174445431212,0.0006852258682419393,0.0052549889623218805,0.005034937853983265,2.1760884128456826e-08
225,0.010974040548610623,0.0006893688588873386,0.005262761986669752,0.005021886828438712,2.287461482014901e-08
226,0.010973261231289035,0.0006890640309331217,0.005272138240437394,0.005012035331628335,2.3628290183542985e-08
227,0.010971889676880321,0.000695576416498567,0.005254741024750834,0.005021548048052035,2.41875788845487e-08
228,0.010970615191330219,0.0006954123387106569,0.005233387638946941,0.005041790484811027,2.472886159468979e-08
229,0.010968275369676175,0.0006912917140691064,0.0052338728633083784,0.005043087171975451,2.3620323238986593e-08
230,0.010965434567597639,0.0006903461205410223,0.005229101901813883,0.005045964142252667,2.240299006645356e-08
231,0.010963296897504013,0.0006918592005167918,0.005189518051393167,0.005081897833280913,2.1812313139943198e-08
232,0.01096172584944671,0.0006884304579367236,0.005166095957273563,0.005107177574758139,2.185947828272129e-08
233,0.010957029850292585,0.0006885019366475023,0.005180801418841995,0.005087707852873483,1.8641929605725155e-08
234,0.010945100197412534,0.0006757521750844836,0.005259176034549362,0.005010158048116685,1.3939662004246693e-08
235,0.01093843833429949,0.0006725972175598685,0.005237177609258475,0.00502865199510038,1.1512380766707098e-08
236,0.0109309736730119,0.0006712847181193725,0.005178291741315096,0.0050813875255659975,9.688011434483552e-09
237,0.010929738031727455,0.0006716414712058492,0.005195156570833018,0.005062930883600956,9.106087631988383e-09
238,0.010929479553266421,0.0006731773825440349,0.005191092635218745,0.005065200127584142,9.407919499531683e-09
239,0.010928812905489598,0.0006748967139270064,0.005194750453020936,0.0050591565497077814,9.188833873668688e-09
240,0.010925812145950366,0.0006703976028394683,0.005169890083738318,0.005085515323517605,9.13585497590572e-09
241,0.010924601544502534,0.0006645187980043186,0.005151460355436344,0.0051086135893414365,8.801720435287305e-09
242,0.010921255409013503,0.0006640411589013836,0.005148929508891329,0.005108275501743539,9.239477251484255e-09
243,0.01091913140424588,0.0006670528091223638,0.005157427681743969,0.0050946421145497255,8.79882982214652e-09
244,0.01091804387781886,0.000665980813966416,0.00513954663937391,0.0051125079546546544,8.469823878980041e-09
245,0.010917024252033251,0.000666160748801289,0.005113560948476309,0.005137293915838636,8.63891701813453e-09
246,0.010917746409975561,0.0006672871621097399,0.005068498372609963,0.005181952744193668,8.131062190312483e-09
247,0.010912354632103556,0.0006552535599895261,0.005044161226828532,0.005212931717061641,8.128223857491534e-09
248,0.010911378286941926,0.0006500251421360765,0.005067789528921864,0.005193555783167016,7.832716970114681e-09
249,0.01091004558458315,0.0006475487460445176,0.005061748243350093,0.005200740491303917,8.103884621897746e-09
250,0.010908477032087797,0.0006475782529877733,0.005077667177920535,0.0051832235360805,8.065098988727381e-09
251,0.010903153617255591,0.0006508417414155063,0.00509950657620114,0.005152798028129267,7.271509676711448e-09
252,0.010901473572804106,0.0006485638849186504,0.005087755890281695,0.0051651464219093545,7.375694408354003e-09
253,0.01089793199436255,0.0006475767629208066,0.005109061211342734,0.005141287188281366,6.831817642032141e-09
254,0.010895703865670217,0.0006469631956257613,0.00509728928940777,0.005151443393824758,7.986811928154987e-09
255,0.01089113195320748,0.000648152058558928,0.005083298147633164,0.005159674712868785,7.034146601487849e-09
256,0.010887513945074739,0.0006431006291747819,0.005020733274421611,0.005223672772464228,7.269014118616989e-09
257,0.010885706934026554,0.0006359159038095274,0.004987026192332822,0.005262758439128297,6.398755909405415e-09
258,0.010882701489234788,0.0006363376795189318,0.00498065326090678,0.005265704589945827,5.958863247811446e-09
259,0.01087972253752096,0.0006305258941298391,0.004960948707779573,0.005288242168071386,5.76754016116983e-09
260,0.01087329397212196,0.0006202521605269085,0.005000647796962166,0.0052523872913781255,6.723254760711971e-09
261,0.010867406272217313,0.0006125106713393051,0.005051700029691918,0.0052031902995547654,5.271631324817295e-09
262,0.010857907679087366,0.000603430284916661,0.0050359843008379365,0.005218486551720962,6.541611807921467e-09
263,0.010853282654578012,0.0006077009310615757,0.005078262877167809,0.00516731191239402,6.93395460881859e-09
264,0.0108504767777469,0.0006069117429932737,0.005110878304018709,0.005132679796391629,6.934343286750606e-09
265,0.010848795684013512,0.0006083975193393437,0.005098259399017462,0.005142132331477981,6.434178726284024e-09
266,0.010847343938646194,0.0006044201922669503,0.005099111021524017,0.005143806227714576,6.497140651496379e-09
267,0.010845943789721382,0.0005990913842742152,0.005108680926571159,0.005138165521765517,5.95711049025699e-09
268,0.01084556556662463,0.0005950007927078538,0.005100083565433069,0.005150475134090101,6.074393606208622e-09
269,0.010844595848552458,0.000592507430839812,0.005119477015583343,0.0051326058058181025,5.5963112016519575e-09
270,0.010842834555440805,0.0005921338115462849,0.005126794561538391,0.005123900381131827,5.801224301595613e-09
271,0.010841991371185319,0.0005957743371150288,0.005111799626871333,0.005134411489857098,5.917341858982248e-09
272,0.010841618593223374,0.0005935246761042813,0.005110421080531007,0.0051376671341346455,5.702453439389304e-09
273,0.01084119169451247,0.0005932656690895267,0.005127802466428334,0.005120118049523096,5.509471512581352e-09
274,0.010840960155494432,0.000594845253954083,0.005125871273582081,0.005120237926377354,5.701580913826596e-09
275,0.010840410932682938,0.0005940787559166898,0.00511564355217384,0.005130683006895857,5.617696551024132e-09
276,0.010839258714451499,0.0005959624825426429,0.005125700378154065,0.005117589723443695,6.130311095341396e-09
277,0.010838528277598791,0.0005962966571726474,0.005121440384149288,0.005120785349016563,5.887260293922534e-09
278,0.01083661598468028,0.0005929698883004926,0.005097190974763871,0.005146449765876258,5.355739659292733e-09
279,0.010835369113427201,0.0005962016862103075,0.0051065848952457265,0.005132577153936443,5.378034723401878e-09
280,0.01083237641074043,0.0006007763343584279,0.00509674255994235,0.005134851434950348,6.0814893057243624e-09
281,0.010830029399270523,0.0006007296992304832,0.005095887023382445,0.005133406172890324,6.503767270692226e-09
282,0.010828811147760777,0.0006004257083688757,0.005109933035428477,0.005118446302500921,6.101462503433961e-09
283,0.010827338251879846,0.0006010374594833209,0.005121774555720915,0.005104519786246245,6.4504293648788395e-09
284,0.010826535563941033,0.0005990346666890088,0.005127413391470562,0.005100081524991887,5.980789575009457e-09
285,0.010825903890923378,0.0005960061442928991,0.005117181507860103,0.005112710182180632,6.0565897442075495e-09
286,0.010825288664604086,0.0005967895676011139,0.005119310845832088,0.005109181916571679,6.33459920589021e-09
287,0.010824905918535377,0.0005964276189612325,0.005129487749291849,0.005098984126610167,6.423672128299339e-09
288,0.010824172115805886,0.0005981613475359397,0.005117089439573801,0.00510891466806537,6.660630775146289e-09
289,0.010823687229115165,0.0006005743047602427,0.005102758331458429,0.00512034783860568,6.7542908131182165e-09
290,0.010823275619551377,0.000601401177581403,0.005093247533046366,0.005128620014417313,6.894506294491767e-09
291,0.010822763068683914,0.0005996938161577191,0.005073606508845477,0.005149456040501414,6.7031793042605035e-09
292,0.010821171963368391,0.0006034554964184911,0.0050576055618526275,0.005160104337802317,6.5672949560217854e-09
293,0.010820166305133945,0.0006043778825564391,0.005072943107790301,0.005142839107217447,6.207569756098442e-09
294,0.010819404053242051,0.0006013495515923328,0.005066808205673301,0.0051512400194811256,6.276495292594418e-09
295,0.010819080757447266,0.0006040956599472576,0.005058012020546098,0.005156966449031523,6.627922388292534e-09
296,0.01081878027389498,0.0006030530222559415,0.0050526686976500685,0.005163052010715613,6.543273357428278e-09
297,0.010818519710176118,0.0006018297379776046,0.005062849748555152,0.005153833516915151,6.706728210233628e-09
298,0.010817908855089,0.0006025007435406644,0.005070506475999974,0.005144894784798178,6.85075018393566e-09
299,0.010816708819369365,0.0005994477231802799,0.005080779444468038,0.005136474122028584,7.52969246382661e-09
300,0.010816289123732416,0.000602375270846352,0.005087400678626963,0.005126505272698704,7.90156039764087e-09
301,0.010816024543673844,0.000602595224603208,0.005092843367019053,0.005120577687704632,8.264346951314816e-09
302,0.010815202545622188,0.0006028325084464427,0.005110262117899325,0.005102099831959348,8.087317070701532e-09
303,0.010813865703420208,0.0006033236271167445,0.005093924293920794,0.005116609040923944,8.74145872523737e-09
304,0.010813058059915883,0.0006062368890954076,0.005090998458855009,0.005115813906204137,8.805761329525937e-09
305,0.010812049272562253,0.0006077371437625143,0.005130445555840385,0.0050738573511343085,9.221825044402718e-09
306,0.010811093596705805,0.0006080722223062498,0.005128133780531241,0.005074878590921419,9.002946895502967e-09
307,0.010810423308931363,0.0006043813110540001,0.005137800556666601,0.005068232720401318,8.720809442000858e-09
308,0.010808984354549906,0.0006086601641128038,0.0051270355754521576,0.005073279081027515,9.533957429724584e-09
309,0.010808458451206072,0.0006088589082786204,0.00512759926473875,0.005071990796279273,9.481909429030669e-09
310,0.010808024893449291,0.000605898200906341,0.005139067909907493,0.005063049405152148,9.377483308939101e-09
311,0.010807405573773214,0.0006045806814741594,0.005126335284532902,0.005076480330309106,9.277457046874482e-09
312,0.01080685630014209,0.0006070768947325047,0.0051383564519531235,0.005061413185029401,9.76842705984592e-09
313,0.010806593464863892,0.0006074123216728025,0.005138973743023026,0.0050601976386369955,9.761531066975664e-09
314,0.010804260639675151,0.0006085328716268141,0.0051271513959238344,0.005068566211700338,1.0160424163107344e-08
315,0.010803679364008266,0.0006075572602252814,0.005128847678953368,0.005067264628618999,9.79621061881121e-09
316,0.010802727820997705,0.0006074734953181421,0.005119973624269762,0.005075271399793601,9.301616200194387e-09
317,0.010801828331874458,0.0006081965545432267,0.005130540380064933,0.005063082408055313,8.989210986672927e-09
318,0.01080123533595979,0.0006086207325512293,0.005139899980848134,0.005052705755243599,8.867316828583252e-09
319,0.010801031815316671,0.0006080253572899363,0.005149613298991794,0.005043384373705898,8.785329042942861e-09
320,0.010800854949820424,0.000606148845089658,0.005148906880666922,0.005045790519359254,8.70470459017711e-09
321,0.01080061245500492,0.0006065204856048555,0.005153177295748731,0.005040906058686913,8.614964418518436e-09
322,0.010800046262042909,0.0006074122268514793,0.005144840204306419,0.005047785454872609,8.3760124006526e-09
323,0.010799605508571392,0.0006075402646195798,0.005148361460539996,0.005043695088694162,8.694717654263477e-09
324,0.010798402323686165,0.0006086210138985018,0.005148669236064348,0.005041103753203406,8.32051990986659e-09
325,0.01079727288625753,0.0006081460714518981,0.00512583495013644,0.005063283750018545,8.114650645691844e-09
326,0.010796556023674676,0.0006087994959828162,0.00512143577605319,0.00506631307490815,7.676730518344717e-09
327,0.01079599117841242,0.000607871250269676,0.005120492100989505,0.005067620607542915,7.2196103245189785e-09
328,0.010795452112955987,0.000604915166822999,0.005111308051837347,0.0050792214513626895,7.4429329529655775e-09
329,0.01079513169217841,0.0006040381604245979,0.0051054362337762,0.0050856500889134935,7.20906411859637e-09
330,0.010794900853689171,0.000602009583772219,0.005097522123977366,0.005095361987168991,7.158770595455158e-09
331,0.010793986882979893,0.0006021231320263668,0.005082459506036412,0.005109397311223853,6.9336932619346505e-09
332,0.010792245652159966,0.000602178883594753,0.005057251074088869,0.005132808271550582,7.4229257612333386e-09
333,0.010791622498510579,0.0006023699243167351,0.0050580502722909005,0.005131194576544996,7.725357947233923e-09
334,0.010790846861329098,0.0006037810527172541,0.005045727006126022,0.005141330868171991,7.934313831681056e-09
335,0.01078992185641616,0.0006032994900012131,0.005047417192290874,0.005139196662996509,8.51112756304698e-09
336,0.010788916033608462,0.0006038841991795353,0.005054792664250725,0.005130229906837729,9.263340472723166e-09
337,0.01078808769888487,0.0006023201418698371,0.0050297557320518995,0.005156002891129897,8.933833236618509e-09
338,0.010785691171373187,0.0006004328080801204,0.005054772165122423,0.005130477968778137,8.229392505275462e-09
339,0.01078324032835938,0.0005949278270178342,0.00505087553568956,0.005137428925693293,8.039958693391275e-09
340,0.010778802006614067,0.0005945921017573934,0.0050765762471971215,0.00510762629951783,7.358141720927384e-09
341,0.010777194623831494,0.0005921816705700285,0.005090146844547579,0.005094858787177087,7.321536799852918e-09
342,0.010774443090164277,0.0005915976954924267,0.005070709278305962,0.005112128749378538,7.3669873499371285e-09
343,0.010771503768250383,0.0005889656519434155,0.0050873666340773395,0.005095164611674952,6.870554675943051e-09
344,0.010769820721609258,0.0005874046466390272,0.005096554951954667,0.005085854127089291,6.99592627183433e-09
345,0.010768405214627727,0.00058863940715584,0.005108008750708913,0.005071750069833838,6.9869291364075396e-09
346,0.010766954840178753,0.0005877531262706059,0.005086968548425841,0.005092226587247288,6.578235017679322e-09
347,0.01076516849514952,0.0005871815926673848,0.005070222465888435,0.005107758142389514,6.2942041872422385e-09
348,0.010762848739636085,0.0005843243181394023,0.0050880936333565436,0.005090425168084357,5.620055782021884e-09
349,0.010759894727455413,0.0005759300724841602,0.00508423165774217,0.005099728273337931,4.723891151825173e-09
350,0.01075899239735942,0.0005735340925860086,0.005059782400804385,0.0051256712988664915,4.6051025332535955e-09
351,0.010758312172636123,0.0005736734721354941,0.00506493338887741,0.005119700443388142,4.868235076848401e-09
352,0.01075756279434925,0.0005715976580538667,0.005070844664067686,0.005115115747283301,4.724944395255193e-09
353,0.010757440773922815,0.0005718190549815106,0.005071041640994376,0.00511457521050725,4.867439678581672e-09
354,0.010757361131494053,0.0005721002456687863,0.0050709234519739485,0.005114332701461081,4.732390237766877e-09
355,0.01075698107230063,0.0005717378595085296,0.005075839277287038,0.005109399300998497,4.634506565341714e-09
356,0.010755107234283749,0.0005706331804795951,0.005054720612155937,0.005129748664769481,4.776878735530087e-09
357,0.01075425681951236,0.0005708292257775861,0.005059078844611822,0.005124344000353813,4.748769137995891e-09
358,0.01075396937100104,0.0005717541635491839,0.0050588732936926355,0.005123337159287034,4.754472186044318e-09
359,0.010753579749940652,0.0005685584207750388,0.00504569098194155,0.005139325756015959,4.591208102249027e-09
360,0.01075335214542678,0.0005676848235411359,0.005047198170133972,0.005138464456068423,4.69568325043467e-09
361,0.010752983161574818,0.0005676869356386485,0.0050520415507691995,0.005133249960049293,4.715117676436903e-09
362,0.010752602884840512,0.0005673806009289734,0.005067392345301337,0.005117825351417995,4.587192206127569e-09
363,0.010752168804074059,0.0005687053447969371,0.005056702932539908,0.005126755809507992,4.717229221908907e-09
364,0.0107513717280693,0.000569546534351952,0.005031270038728235,0.005150550557879203,4.597109909634862e-09
365,0.01074988371621311,0.0005687977564615693,0.005012331246940401,0.005168750226949452,4.4858616876933055e-09
366,0.010747609250557986,0.0005670629153740401,0.004977069693341129,0.0052034723155637615,4.32627905546871e-09
367,0.01074464979698272,0.0005703852842424051,0.004999422116970808,0.005174837415418539,4.980350966843766e-09
368,0.01074442194586943,0.000570901293832566,0.004991780066472764,0.005181735578214027,5.007350073110454e-09
369,0.010744262183297456,0.0005714543808090331,0.00499354209292529,0.0051792606302029105,5.079360222994853e-09
370,0.010743091243931727,0.0005705633678573565,0.004983463870010866,0.005189058623838122,5.382225382813048e-09
371,0.010742164422875624,0.0005710799876421524,0.004990740505556229,0.0051803382568076034,5.67286963841922e-09
372,0.010741384788868482,0.0005738129350727037,0.004976757547210433,0.005190808227883335,6.078702009806888e-09
373,0.010740388597746245,0.0005729844166985584,0.004986989605209145,0.005180408572439872,6.003398670371561e-09
374,0.010740107470286047,0.0005704914066808984,0.004987351673488059,0.005182258275830849,6.114286240415052e-09
375,0.010739385839963046,0.0005720944555661072,0.004975430933281967,0.005191853979138637,6.471976335804589e-09
376,0.01073811905846113,0.0005725246353102562,0.004957072634629005,0.005208515136474803,6.652047066973921e-09
377,0.010736134726801728,0.0005696214595043287,0.004983069907923422,0.005183436480364798,6.87900917820337e-09
378,0.010733894654300951,0.000569187383570089,0.004979646981074009,0.005185053983281917,6.306374935799217e-09
379,0.010732983327029143,0.0005716274738872894,0.004971030409664323,0.0051903187623342254,6.681143304764613e-09
380,0.010732773418189706,0.0005708912923751841,0.004954285294704531,0.005207590276191013,6.55491897794355e-09
381,0.010732495479878418,0.0005699855812282619,0.004957145555739129,0.005205358259172683,6.0837383455375254e-09
382,0.01073167179266925,0.0005729247659483001,0.004949440050941867,0.005209300971683699,6.004095381653202e-09
383,0.010730905383199,0.0005714278784622538,0.004956931180253433,0.005202540459154959,5.865328353046519e-09
384,0.010730478220428549,0.0005699211149579683,0.00493912298413755,0.005221428330476175,5.790856854490955e-09
385,0.010729008372382123,0.0005659409982574273,0.004946452319959313,0.005216609281666595,5.772498787520024e-09
386,0.010725363345917605,0.0005674932014041801,0.00497255925667865,0.005185305031466551,5.8563682229215945e-09
387,0.010723779711381397,0.0005675922092404717,0.004981301947862155,0.005174879646258809,5.908019962151857e-09
388,0.010722397750239431,0.0005677089431581959,0.004986269542666603,0.005168412927424879,6.336989752717729e-09
389,0.010721568684880526,0.0005683512647602047,0.005010862591390914,0.00514234823872307,6.590006337802219e-09
390,0.010720489699949418,0.0005694339033419483,0.005027802239038972,0.005123247354895015,6.202673481859079e-09
391,0.010718304894391746,0.0005675651982992322,0.005037287223263502,0.005113445737438021,6.735390992237187e-09
392,0.010717288115746695,0.000568419986880668,0.005014957626141134,0.005133903608284635,6.8944402581719085e-09
393,0.010716866015755151,0.0005674351336110926,0.005016773689389632,0.005132650635236879,6.557517548111899e-09
394,0.0107164566366714,0.000568586232468683,0.0050284551832809185,0.005119408897041615,6.323880184005886e-09
395,0.010716155372384887,0.000569542111641969,0.005033680250192606,0.005112926638851409,6.371698902310247e-09
396,0.010715772114233801,0.0005701161735878992,0.005049858637124868,0.005095790792690946,6.510830088756288e-09
397,0.010715622864541542,0.000571366465937725,0.0050543990066861215,0.005089850842606489,6.54931120545038e-09
398,0.01071519026743022,0.0005721295753877186,0.005051522754230648,0.00509153114431903,6.793492824375044e-09
399,0.01071460202842466,0.0005701258058407459,0.0050590028709664074,0.00508546670843876,6.6431787461950075e-09
400,0.010713961478194848,0.0005695361205334273,0.005044769455873956,0.005099649426168558,6.475618905044226e-09
401,0.01071301844622126,0.0005679067758814026,0.005054588236390785,0.005090517044884061,6.389065011139467e-09
402,0.010712352180081007,0.0005679902903063167,0.005041471115296177,0.005102884290816219,6.483662293881889e-09
403,0.010711995831855342,0.0005679538444951618,0.005055031621202396,0.005089003800001183,6.56615660037882e-09
404,0.010711399956575569,0.000566497309014359,0.00502984792946375,0.005115048181777782,6.536319675765671e-09
405,0.010710790409822478,0.0005672535749580577,0.005028657767567864,0.005114872333649591,6.733646965124159e-09
406,0.010710247109278946,0.000566183039112981,0.005027172008321431,0.005116885415405079,6.6464394551509975e-09
407,0.010709466201420683,0.0005657855175349367,0.004996215748282395,0.005147458461869558,6.473733791811145e-09
408,0.010709039637590918,0.0005663596729003303,0.005000252135837251,0.005142421291298989,6.5375543484712525e-09
409,0.010707875538888715,0.0005681189453892748,0.005001997299556816,0.00513775228552926,7.0084133652283984e-09
410,0.010707131057984813,0.0005673182627338831,0.005005934796325076,0.005133870929114552,7.069811301792631e-09
411,0.010706643745951816,0.0005673456811328719,0.005013145957430111,0.005126144870566579,7.2368222550738135e-09
412,0.010706487939953312,0.0005671221610435777,0.0050150415226666075,0.005124317156021803,7.100221323959955e-09
413,0.01070592261448284,0.0005667652097309021,0.005016017891137543,0.0051231321693596356,7.344254758445696e-09
414,0.01070523737971191,0.0005654579166271643,0.005021103300307346,0.005118668782101055,7.380676346905765e-09
415,0.010704828203267519,0.0005637085221550176,0.005024039236023883,0.005117073067095879,7.377992739994357e-09
416,0.010704432070823696,0.0005626321861573047,0.005045143342774288,0.005096649377666609,7.164225493903629e-09
417,0.010703749059255646,0.0005626052852309149,0.005039079207210554,0.005102057385303056,7.181511120941387e-09
418,0.010703414140030038,0.0005618769071227723,0.005034140046412327,0.005107390205179347,6.98131559170556e-09
419,0.010702270243330916,0.000560200535141219,0.005009381908162081,0.0051326813476304245,6.45239719190775e-09
420,0.0107019049374525,0.0005605799871580907,0.00501796174728424,0.005123356863747283,6.339262885655912e-09
421,0.010700795559235594,0.00055628674195164,0.005010119670415149,0.005134382507725582,6.639143222259613e-09
422,0.01069917212959777,0.0005536361873301951,0.005026641159616706,0.005118887956111423,6.826539445503627e-09
423,0.010696406434778646,0.0005500928237526825,0.005007826189040783,0.005138480626585473,6.7953997080033255e-09
424,0.010693976687317672,0.000547203094655758,0.0050363081513678225,0.005110459313625966,6.127668126073107e-09
425,0.010692725228426504,0.0005504547726571765,0.005048226105200992,0.00509403810143777,6.249130563465195e-09
426,0.010690758108933815,0.0005522897798476911,0.005044585107743548,0.005093876860920918,6.360421658650675e-09
427,0.010689670378201347,0.0005503328010404575,0.005046935748511465,0.005092395250146038,6.578503386169638e-09
428,0.010688321837967758,0.0005500365183714234,0.005031794644699566,0.005106484022166548,6.652730220511802e-09
429,0.010686003004174292,0.0005469254097818154,0.005042183780261245,0.005096886805406512,7.00872471989386e-09
430,0.010684672135589901,0.0005483106576880987,0.005051780744523679,0.00508457386733199,6.866046132352775e-09
431,0.010682447377413246,0.0005470928231516565,0.005029958677141366,0.0051053886822554915,7.194864733231257e-09
432,0.010680580342386838,0.0005500542388119991,0.005045992025045567,0.0050845260085496825,8.06997958986078e-09
433,0.010679870239237756,0.0005499153322653621,0.005060044118916308,0.00506990286711472,7.920941366125308e-09
434,0.0106789320678006,0.0005485763062876692,0.005082667855762823,0.005047679995589996,7.910160111698206e-09
435,0.010676973273762366,0.0005466939457204484,0.005080280941467328,0.005049990307680619,8.078893969742473e-09
436,0.010673664295443079,0.0005460612199176145,0.005051677034794542,0.0050759177879575006,8.252773421642767e-09
437,0.010670043000420739,0.0005433476326403204,0.005070430944966187,0.005056256153287596,8.2695266348645e-09
438,0.010667358926098299,0.0005436009550495472,0.005063758258411982,0.005059991167873586,8.544763183866494e-09
439,0.010662869439747385,0.0005422799161887574,0.005013959471624077,0.005106621611072434,8.440862114332039e-09
440,0.010658320389630537,0.0005367336939776261,0.00502789715710332,0.0050936820218415195,7.516708070318169e-09
441,0.010656678579913119,0.0005367874846369204,0.0050055546894413544,0.0051143291872985,7.218536343663455e-09
442,0.010654467243023122,0.0005369697972245212,0.00500380435563919,0.005113686384120319,6.706039090488176e-09
443,0.010653522558577497,0.0005343524960092796,0.005007818422541262,0.005111345433974689,6.2060522654793604e-09
444,0.010652247130061833,0.0005315999678746027,0.005036757061144771,0.005083884329415328,5.7716271306196295e-09
445,0.010651228404461326,0.0005302603523204941,0.00502249786680674,0.005098464380148292,5.8051857997978646e-09
446,0.010650151504426816,0.0005297528124458927,0.005017235299261471,0.005103157477343618,5.915375835630768e-09
447,0.010648981618315193,0.0005277485618947439,0.005016504622696316,0.0051047226763156275,5.757408505359179e-09
448,0.010648363519477975,0.0005285687357280155,0.005039017796238915,0.005080770960690177,6.026820868352975e-09
449,0.010647758695177412,0.0005287382727123542,0.005039186882430605,0.005079827707649464,5.832384987320681e-09
450,0.010646758378355268,0.0005294884038663502,0.005053492901975297,0.0050637712247829075,5.847730714919112e-09
451,0.010645654374790578,0.0005285175461427616,0.005072764492638831,0.005044366454914431,5.8810945537541e-09
452,0.01064417025095132,0.0005267890277181926,0.005047744674482138,0.005069631017238659,5.531512329435244e-09
453,0.010643737737250905,0.0005280825996576097,0.00503953145423468,0.0050761180144602526,5.6688983629375705e-09
454,0.010643369910205258,0.0005280678509324155,0.005033835143815526,0.005081461058388901,5.857068414934802e-09
455,0.010643161882547374,0.0005281278049356893,0.005032832454034643,0.0050821958387957155,5.784781325873599e-09
456,0.010642504384028507,0.0005279546591842953,0.005049809408585425,0.005064734650161865,5.666096920820816e-09
457,0.010640658305885385,0.0005259696763553831,0.005058430664101636,0.005056252477750931,5.487677436378161e-09
458,0.010640214984040698,0.0005257914059517021,0.005058454061674311,0.005055963866641868,5.6497728170166575e-09
459,0.010639834900994564,0.0005256961101586216,0.0050489748947916925,0.005065158444703067,5.451341184730639e-09
460,0.01063942760548749,0.0005249241209769318,0.00503337205146218,0.005081126103626298,5.329422080006905e-09
461,0.010638947993369119,0.0005245087050713473,0.00503842885565938,0.005076005156303741,5.276334650481609e-09
462,0.010638526113767663,0.0005236830639637362,0.005044945863876922,0.005069892027629308,5.158297697691701e-09
463,0.010638449931493009,0.0005234345192990073,0.005048617345158053,0.0050663929001675415,5.166868407233014e-09
464,0.010638242854408248,0.0005228922689830237,0.005045017627903289,0.005070327758378197,5.199143737260592e-09
465,0.010637890805004345,0.0005225375428331005,0.00504322110238716,0.005072127122149182,5.037634902239098e-09
466,0.010636882879723478,0.0005220872140100027,0.005033726946108351,0.005081063500882599,5.21872252628851e-09
467,0.010635772405888998,0.0005218151600330884,0.005046544668150388,0.005067407116657143,5.461048377377169e-09
468,0.01063535173530202,0.0005221286144837233,0.005059257826562357,0.0050539598731574,5.421098540912377e-09
469,0.010635179091343115,0.0005226713803685176,0.0050690597958952125,0.005043442433502166,5.481577219878663e-09
470,0.01063515008498832,0.0005227052547044385,0.005065281224632319,0.0050471581312966874,5.474354873333434e-09
471,0.010635149351683013,0.0005227071543436756,0.005064808479652488,0.005047628242011311,5.4756755386521785e-09
472,0.010635138405267568,0.0005226568016508488,0.005064507793953966,0.005047968362051948,5.4476108058073284e-09
473,0.010635124592514499,0.0005225482551135327,0.005062843456228507,0.005049727448137812,5.433034646873535e-09
474,0.010635118625290861,0.0005225790929265311,0.005062841285119271,0.005049692812165818,5.435079242657501e-09
475,0.010635076632307876,0.0005226962377480182,0.005065144187680922,0.00504723076423345,5.4426454873018295e-09
476,0.010635076462980918,0.0005226915604609712,0.00506500777223687,0.005047371686507461,5.44377561478298e-09
477,0.010634449367406094,0.0005228480371218072,0.005080970598708447,0.005030624942961584,5.788614255819571e-09
478,0.010634094614290768,0.0005222995857593871,0.005067887703646628,0.005043901561325937,5.763558815160775e-09
479,0.010634061047918858,0.000522197893616096,0.005067108340984542,0.005044749004897162,5.808421057621764e-09
480,0.010633499491826556,0.0005211703226678945,0.005080238362124407,0.0050320849469228796,5.860111375470032e-09
481,0.010632812830644827,0.0005201662433692876,0.005096248017001068,0.005016392830439744,5.7398347279237024e-09
482,0.01063259768228404,0.000519301500743651,0.005098972118484646,0.005014318414103511,5.648952232112141e-09
483,0.010632296496725637,0.0005183942372551866,0.005099658139613525,0.005014238690265586,5.429591340870535e-09
484,0.010632153841865636,0.000518961015291542,0.0051048181889624565,0.005008369134078177,5.503533460304039e-09
485,0.010631792569098396,0.0005182796432375612,0.005103510366188526,0.005009997338113255,5.221559054395943e-09
486,0.0106314758979568,0.0005174224702640298,0.005103744370590049,0.005010303919026262,5.138076460727439e-09
487,0.01063111542485776,0.0005163091773458519,0.005093159795906801,0.005021641625162757,4.826442350041182e-09
488,0.010630589700944807,0.0005159952938573696,0.005100144769469996,0.005014444769553625,4.868063815765105e-09
489,0.010627960880283262,0.0005120229804882691,0.0050925163362746835,0.0050234173118385034,4.251681805755649e-09
490,0.010626717810082134,0.0005111752089432423,0.005056041109949394,0.005059497321378528,4.169810968125009e-09
491,0.010625626440924822,0.0005094575830911426,0.005071999267573189,0.0050441656014111125,3.98884937760613e-09
492,0.010625301877569805,0.0005087102233210209,0.005078809787636485,0.005037777968454611,3.898157688394577e-09
493,0.010624423899528425,0.000506057086519086,0.005104555208361226,0.005013807537236659,4.067411452239752e-09
494,0.010623448155498682,0.0005045129048963887,0.0051059470669068815,0.00501298397644984,4.2072455730738315e-09
495,0.010623005007601044,0.0005050274647235724,0.005107791952875087,0.005010181324049738,4.265952646442812e-09
496,0.010622394245491187,0.0005057932872377201,0.005106385870590753,0.005010210693881489,4.393781223501805e-09
497,0.010622144445073756,0.0005060967199973287,0.005104679968804239,0.0050113633428973065,4.413374880429896e-09
498,0.010621872074706223,0.0005061564038816462,0.0050986479690358286,0.005017063309663771,4.392124977441063e-09
499,0.010621585357646771,0.0005061829675023788,0.0051131231101553785,0.005002274951273249,4.3287157660563175e-09
500,0.01062125185429192,0.000504720922364769,0.005120303339205552,0.004996223450380706,4.142340893140863e-09
501,0.010621180307299269,0.0005042157288919395,0.00512897650803572,0.004987983904222342,4.1661492675433935e-09
502,0.010621151525889782,0.0005042403836549179,0.0051292999459707665,0.004987607017628817,4.178635281317562e-09
503,0.010621147696622523,0.0005041456382996341,0.005129340545033904,0.0049876573388416435,4.174447341348069e-09
504,0.010621067092388338,0.0005048048904837396,0.005132404504418514,0.0049838534979056055,4.199580479237045e-09
505,0.010620742429201701,0.0005049421700531846,0.00513119214128785,0.0049846039414006005,4.176460066073674e-09
506,0.010620166965963972,0.0005031867700264683,0.0051407868878129625,0.00497618931455229,3.993572251289214e-09
507,0.010619533222415713,0.0005019024642497108,0.005150914103499561,0.004966712875670205,3.778996234985249e-09
508,0.010618906327963628,0.0005018648764149905,0.0051451350379889335,0.00497190266203869,3.751521014408121e-09
509,0.010618645679976101,0.0005010888505683388,0.0051436816374702,0.0049738715187090535,3.673228507436844e-09
510,0.010618535755538705,0.0005005601100909726,0.005140289397288592,0.00497768269596297,3.5521961716421135e-09
511,0.010618095226210503,0.000499852086004006,0.00514339283562561,0.004974846733993424,3.570587462967315e-09
512,0.010617722184947557,0.0004985783424578236,0.005139894296691749,0.004979245993451067,3.552346916476254e-09
513,0.010617474411715167,0.00049844197872044,0.0051338853388640205,0.004985143635480111,3.4586505943201482e-09
514,0.010617022421080239,0.0004982586543981356,0.005146982304011259,0.004971778051513285,3.411157559099708e-09
515,0.010616620511189421,0.0004989191379115422,0.005147713897429002,0.00496998411627636,3.3595725168380445e-09
516,0.010615875492558786,0.0004981794666825922,0.005149389344046935,0.00496830336591462,3.315914637496057e-09
517,0.010615226564807945,0.000496295210957535,0.005144495391488493,0.004974432836946262,3.1254156556272787e-09
518,0.010614291115242347,0.000495210534729499,0.005119438978492622,0.004999638476594607,3.1254256179061903e-09
519,0.010614124124377743,0.0004948775478921111,0.005118001722850445,0.005001241727067065,3.1265681224847345e-09
520,0.010613998645289778,0.0004953707330231577,0.005116015923533963,0.0050026088562843945,3.132448262484669e-09
521,0.010613959570081587,0.0004951636991014398,0.005120813143517424,0.004997979567552383,3.159910339544596e-09
522,0.010613671982670922,0.0004944031582743242,0.005135099403780964,0.004984166240241362,3.1803742706958843e-09
523,0.010612449418525866,0.0004930811429089122,0.0051385858005862355,0.004980779109398579,3.3656321396844204e-09
524,0.010610110121633199,0.0004908460371665916,0.005152485815212338,0.004966774994992086,3.2742621835726576e-09
525,0.010607638640308656,0.0004893305986471014,0.005124219983131153,0.0049940847263370055,3.33219339653025e-09
526,0.010606263810100632,0.0004890285583411907,0.00514540208346459,0.004971829923664421,3.2446304302343207e-09
527,0.01060367653892937,0.00048605570311156755,0.005128799769302741,0.004988817970565761,3.0959492982931993e-09
528,0.010602563901333264,0.00048549810533591887,0.00513014868287489,0.00498691369748901,3.4156334468760213e-09
529,0.010601585077091063,0.0004841753102262737,0.005166515758680654,0.004950890475128685,3.5330554498418207e-09
530,0.010601255262240834,0.0004837443235868933,0.005162154518763159,0.004955353014851557,3.4050392246493013e-09
531,0.01060075633832369,0.0004830607084184468,0.005185508845247219,0.0049321832107354765,3.573922547756941e-09
532,0.010600176068187065,0.0004831035080804643,0.005183714585372949,0.004933354294579423,3.6801542283360013e-09
533,0.010600175308174099,0.00048312561016373567,0.0051829378767606306,0.004934108139302086,3.681947647185495e-09
534,0.010599933757414306,0.0004828388876416701,0.005182431517285051,0.00493465961449844,3.737989143737559e-09
535,0.01059976367712496,0.00048251181263641126,0.005180761734439625,0.004936486476567281,3.6534816440554957e-09
536,0.010599534677329903,0.00048342858213341314,0.005175454435825756,0.004940647823822368,3.835548367332892e-09
537,0.010599400698361522,0.0004834312165311807,0.005166608129176087,0.004949357496573606,3.856080646859362e-09
538,0.010599109461429496,0.00048294511112790243,0.005171337060642355,0.004944823384472811,3.90518642760575e-09
539,0.01059796900047546,0.0004800760321996974,0.0051688429569829416,0.0049490463724494275,3.6388433948466264e-09
540,0.010597314133806306,0.0004793281673628067,0.005163600309144207,0.004954382308331325,3.3489679676287777e-09
541,0.010596924150486362,0.0004795585526618799,0.005156471804463329,0.0049608903603136105,3.4330475423438883e-09
542,0.01059635883468275,0.00047965285352901283,0.005140262672506483,0.004976439895187557,3.4134596968226055e-09
543,0.010595795958249492,0.00047753091812879287,0.005146812148823616,0.004971449718159188,3.173137895512138e-09
544,0.01059574278090378,0.0004769975783362979,0.0051411965432372544,0.004977545596161846,3.0631683808772504e-09
545,0.010595608957851988,0.00047738181513750695,0.005136353337897049,0.004981870752553934,3.052263497063267e-09
546,0.01059545557718975,0.0004769791265949543,0.005132139729715989,0.004986333713641286,3.007237519582489e-09
547,0.01059533033873359,0.0004771066542104374,0.005129726650750891,0.004988494007357085,3.0264151767243855e-09
548,0.010595071227535882,0.00047670878438026864,0.0051330966148503115,0.004985262786804526,3.0415007747129143e-09
549,0.010594853798650206,0.0004759954753395067,0.005126268194111994,0.004992587147659436,2.981539270770218e-09
550,0.010594085451464516,0.00047437823079761595,0.005139254846228138,0.0049804494169860105,2.957452753270605e-09
551,0.01059392096403566,0.0004745809922794894,0.005138850036261488,0.004980486864213515,3.071281166327659e-09
552,0.010593822846642903,0.00047496421412409424,0.005143318412057287,0.004975537058995138,3.1614663833546747e-09
553,0.010593668096785407,0.0004755654809111586,0.005141294813924151,0.00497680456419486,3.237755236727505e-09
554,0.010593247961207539,0.0004746834808685692,0.0051542626556330545,0.004964298758753983,3.0659519310839688e-09
555,0.010592798338793508,0.00047515221951926817,0.005143114750419568,0.004974528366332864,3.0025218083530347e-09
556,0.010592688818142687,0.0004746434540505151,0.005152153378956565,0.00496588899471975,2.9904158554318594e-09
557,0.010592186501029882,0.00047355511326124133,0.0051467112217595925,0.0049719171054938135,3.060515235112774e-09
558,0.010591694429548337,0.0004721566314082736,0.005153640464348141,0.004965894298660977,3.03513094488731e-09
559,0.010591250427659616,0.00047123987121417527,0.005147915985249846,0.004972091442559612,3.1286359822099544e-09
560,0.010590960705907874,0.00047125734719117413,0.005142237956725844,0.0049774622893909186,3.112599937224786e-09
561,0.010590742106232039,0.0004713676162040041,0.005137688503724537,0.004981682806284092,3.180019405472219e-09
562,0.010590622864670017,0.0004713260641230739,0.005134842271836771,0.004984451363429972,3.165280201265738e-09
563,0.010590597103924897,0.00047128817047420603,0.005134731037015045,0.004984574723590355,3.172845291557908e-09
564,0.010590464373098478,0.00047103120814959626,0.005127339022906867,0.004992091005612601,3.1364294136950114e-09
565,0.010589886092558157,0.0004690489275956598,0.005106878714551474,0.005013955483092625,2.967318397806152e-09
566,0.010589673383833594,0.00046913186091166814,0.005103611784219308,0.005016926705970652,3.0327319649506844e-09
567,0.010588924375517558,0.00046727365717018143,0.005114097271009486,0.00500755054936766,2.8979702278024095e-09
568,0.010588727154597835,0.0004666635018078664,0.005109085083792651,0.005012975689489653,2.8795076650428876e-09
569,0.010588474675409671,0.00046699924454579296,0.005110120327599296,0.005011352191681384,2.9115831979349277e-09
570,0.010587535027415789,0.00046555890727749795,0.005104612005457213,0.0050173612993135224,2.8153675545557105e-09
571,0.010586504574836087,0.0004637661100022237,0.005101636831735982,0.005021098744846694,2.8882511892181327e-09
572,0.010583218438585342,0.00046027591993222014,0.005112660825097963,0.005010278302001834,3.3915533254006757e-09
573,0.01058170627968432,0.0004580425843461322,0.005113375649618144,0.005010284060378027,3.985342017983306e-09
574,0.01057944961581652,0.0004543762769564432,0.005130954994345488,0.004994114150846336,4.193668253027407e-09
575,0.010577745619176668,0.0004505665516544062,0.005115872473621689,0.005011302338959972,4.254940601506802e-09
576,0.010577364487806783,0.0004493200177273656,0.005109087131453917,0.005018953075922529,4.2627029726975054e-09
577,0.01057676170099124,0.0004492059701932265,0.00507047957252253,0.005057071688704652,4.4695708301692086e-09
578,0.01057645519729798,0.0004498707735378757,0.0050714000604525035,0.005055179563109612,4.800197988829819e-09
579,0.010576328987322784,0.0004503379450890219,0.0050723721841481485,0.005053613936683708,4.921401906339597e-09
580,0.010575630176557858,0.0004495060128808991,0.005064301152670526,0.005061817656336938,5.354669496426561e-09
581,0.01057497374968305,0.00044874132941965627,0.005062910033338233,0.005063317167800454,5.219124705880759e-09
582,0.010574579297700167,0.00044828437429259596,0.005046335615347836,0.005079953792354212,5.5157055251093305e-09
583,0.010574233403284096,0.00044827618291291366,0.005055589213306318,0.0050703626181858984,5.388878965117668e-09
584,0.010573987515838015,0.0004473022218078247,0.00504827205854161,0.005078407715416479,5.520072101043296e-09
585,0.010573778579078886,0.0004467187049169105,0.005040483541660851,0.005086570922302893,5.4101982318895774e-09
586,0.01057367016816974,0.00044642373823312675,0.005036962522528268,0.005090278353549777,5.5538585692893085e-09
587,0.010573527144263307,0.00044610154018652037,0.005036394470919535,0.005091025603833899,5.52932335412671e-09
588,0.010572894432018193,0.00044614360808428705,0.005039942751788308,0.005086802068710964,6.003434633145383e-09
589,0.010572488597099803,0.0004447280934373086,0.005039841607509196,0.005087913410675555,5.485477744627465e-09
590,0.01057164795938735,0.00044381424969593635,0.005042557589363807,0.005085270748733431,5.371594176412118e-09
591,0.010571459893450033,0.00044333446986645014,0.005030102227439138,0.005098017734004551,5.462139893186073e-09
592,0.010571367815988353,0.000443774463775629,0.0050340483942990935,0.0050935394142889836,5.543624647072173e-09
593,0.010570966970928934,0.0004439264699009037,0.005031862107137737,0.005095173035444039,5.358446254949734e-09
594,0.010570455493095814,0.00044326940812582403,0.005033064796327757,0.0050941157534598915,5.535182340486514e-09
595,0.010570073418633839,0.00044220073269905525,0.005007370610365621,0.005120496603298211,5.4722709529988784e-09
596,0.01056982365532797,0.00044164111694277897,0.005005011320979338,0.005123165773546855,5.443858997739559e-09
597,0.010569446252703884,0.000441248559049662,0.005009901688977689,0.005118290400636574,5.604039959531594e-09
598,0.010568406480833632,0.00043819669823597735,0.005015893221594064,0.005114311357677848,5.203325742781522e-09
599,0.010567755786043782,0.0004374957357721022,0.005027584129014664,0.005102670573084162,5.34817285424907e-09
600,0.010567194936139104,0.00043609725408342567,0.005033337490386381,0.0050977550265928024,5.165076492669785e-09
601,0.01056679019258536,0.00043570166661991675,0.005044802378807522,0.0050862814249868025,4.722171119093191e-09
602,0.010565489705550917,0.0004366164608287854,0.005059734481146004,0.005069133650584499,5.112991629748834e-09
603,0.010564068771223867,0.0004355888184401332,0.005047852506870697,0.005080622711895258,4.734017780250516e-09
604,0.010563501399921625,0.00043520763462007666,0.0050281640924697574,0.005100124497723519,5.1751082709306165e-09
605,0.010562725082773526,0.0004331659870827894,0.005018485710410256,0.005111068304742985,5.080537494348503e-09
606,0.010561144171998164,0.0004321931428275999,0.004992682021229616,0.005136263523384911,5.484556036298583e-09
607,0.010560601442946209,0.00043167485970901746,0.00497514915114637,0.005153771975213336,5.4568774868666966e-09
608,0.010559663251186268,0.00042935647777928856,0.0049766736137547745,0.00515362835177716,4.807875044351456e-09
609,0.010559495033762554,0.0004291420389021066,0.004986224963061772,0.005144123271381588,4.760417087976552e-09
610,0.010559281832930678,0.00042909246029351056,0.0049880675914327445,0.005142117052654142,4.7285502801680796e-09
611,0.01055927157695465,0.00042919845504876955,0.004988952515421408,0.00514111586449364,4.741990830404344e-09
612,0.0105592151003674,0.00042944918184515844,0.004987774529288284,0.005141986459623578,4.9296103802114815e-09
613,0.010558696633895723,0.00042796239705423936,0.004979325414372816,0.005151404044157325,4.778311342935438e-09
614,0.010558566888637651,0.0004282098150866793,0.004979396320931662,0.005150955848801118,4.903818192556057e-09
615,0.010558327358073792,0.0004277793737845194,0.004981019126894977,0.005149524176546739,4.680847557283628e-09
616,0.010557846148124904,0.00042788658432733705,0.004986436415908092,0.005143518452606002,4.6952834732733356e-09
617,0.010557571254134928,0.00042795001435383195,0.00499048472453088,0.00513913181392278,4.7013274360954715e-09
618,0.010557419738133093,0.00042668120187867615,0.004989049257592979,0.005141684818120035,4.460541403836507e-09
619,0.010556939121082971,0.0004258392688349316,0.004999941902627214,0.0051311533896887225,4.55993210290683e-09
620,0.01055645059449414,0.0004236605945013995,0.005006062060372461,0.005126723566727703,4.372892576516305e-09
621,0.010555989655776681,0.0004227178448779327,0.005007211095704547,0.0051260562934739105,4.4217202916862666e-09
622,0.010555375689853428,0.00042255830123567,0.005000511938264032,0.005132300536521538,4.913832189110409e-09
623,0.010554566975048215,0.0004218770657271383,0.005024310936618499,0.00510837399004944,4.982653139584571e-09
624,0.010553905369444236,0.00042186251542017476,0.005026080759628383,0.0051059570892309485,5.005164729246087e-09
625,0.0105534213789255,0.0004218440668584851,0.0050531412919763595,0.005078431380480091,4.639610565923051e-09
626,0.010553076630018223,0.0004218072278117233,0.005066736330656922,0.0050645283997434,4.67180617832062e-09
627,0.010552480945774831,0.0004214216374667261,0.005055375434890286,0.005075678973292355,4.900125463913279e-09
628,0.010552061961430475,0.00042085749951301885,0.005059255959374964,0.005071943866861092,4.6356813989698726e-09
629,0.0105515092639567,0.0004207148348424556,0.005058480102318048,0.005072309268392841,5.058403355380561e-09
630,0.010550955194258686,0.00042051588577102114,0.005074761452031811,0.005055673068459768,4.787996087127141e-09
631,0.0105506227853604,0.00042000749489042206,0.005083525493758255,0.005047085133263696,4.663448027049361e-09
632,0.01055048619149837,0.0004192299780493363,0.005079756835367451,0.005051494669343013,4.708738569454367e-09
633,0.010549966495714679,0.0004178996565727607,0.005088691987881676,0.0050433702483577945,4.6029024474083284e-09
634,0.010548973936453087,0.0004200707154703993,0.00508002294584688,0.005048875405300782,4.869835025311134e-09
635,0.010548572627076749,0.0004183999527708924,0.00508580141746495,0.005044366844864467,4.411976438857866e-09
636,0.010548559997553513,0.00041846386647707764,0.005083613795672745,0.005046477889763655,4.445640035391568e-09
637,0.010548439437819086,0.00041855036852240916,0.005082304097523009,0.005047580514609647,4.45716402207857e-09
638,0.010548166316353354,0.00041858892795080394,0.005087821920894121,0.005041750932275955,4.535232474700604e-09
639,0.01054768990960144,0.0004189023303701469,0.005113779129437856,0.005015004000185408,4.449608030064266e-09
640,0.010547195361629631,0.00041851030354326683,0.005105341387821286,0.005023339347730516,4.322534563630298e-09
641,0.010546504581501057,0.00041935531421992205,0.005086765133510581,0.005040379103004708,5.030765846202029e-09
642,0.010545859122977041,0.00041824108817843306,0.005091620494403218,0.005035992728107791,4.812287599056039e-09
643,0.01054555724394083,0.0004178173242615745,0.0050937933181626,0.005033941824644206,4.776872450355595e-09
644,0.010545180454151714,0.0004174675138551404,0.005079896835745622,0.005047811303844207,4.800706745066888e-09
645,0.010544666552236643,0.00041664857006918287,0.0050650739759981675,0.005062939271805619,4.734363673943938e-09
646,0.01054426729782611,0.00041741891054968683,0.0050751400044849035,0.005051703546640089,4.836151430147876e-09
647,0.010543974082833764,0.0004169302621561392,0.005080452389371186,0.0050465863629203175,5.068386120094898e-09
648,0.010543969570582885,0.0004168679933158395,0.005081397833918724,0.005045698700158226,5.043190097003328e-09
649,0.010543756869468431,0.0004165515645966253,0.005096206746171542,0.005030993250963328,5.3077369357023245e-09
650,0.010543508753497412,0.00041649687997423706,0.005102721025258177,0.0050242855807968835,5.267468113602789e-09
651,0.010543410164471129,0.0004160847444878383,0.0051057117746251875,0.005021608551048986,5.0943091172673945e-09
652,0.010543364816038184,0.00041621419032379637,0.005102898156921993,0.005024247352634894,5.116157501168674e-09
653,0.010543195334834322,0.0004153885924512231,0.005096258437163857,0.005031543006646165,5.298573076379846e-09
654,0.010543031053973936,0.000416353918504712,0.005104378577164468,0.005022293122991434,5.43531332325653e-09
655,0.010542842814636983,0.00041655745997972723,0.005107906637064513,0.005018373188480846,5.529111897459252e-09
656,0.010542646959409277,0.0004162689104654536,0.005107167972737348,0.005019204763400514,5.3128059614687015e-09
657,0.010542499645368235,0.0004160371885753867,0.005118950702023405,0.005007506530314765,5.2244546776203766e-09
658,0.010542479567776784,0.00041590675319631474,0.005120457775931117,0.005006109759970181,5.278679171237897e-09
659,0.010542479567776784,0.00041590675319631474,0.005120457775931117,0.005006109759970181,5.278679171237897e-09
660,0.010542479567776784,0.00041590675319631474,0.005120457775931117,0.005006109759970181,5.278679171237897e-09
661,0.010542479567776784,0.00041590675319631474,0.005120457775931117,0.005006109759970181,5.278679171237897e-09
662,0.010542479567776784,0.00041590675319631474,0.005120457775931117,0.005006109759970181,5.278679171237897e-09
663,0.010542479567776784,0.00041590675319631474,0.005120457775931117,0.005006109759970181,5.278679171237897e-09
664,0.010542479567776784,0.00041590675319631474,0.005120457775931117,0.005006109759970181,5.278679171237897e-09
665,0.010542479567776784,0.00041590675319631474,0.005120457775931117,0.005006109759970181,5.278679171237897e-09
666,0.010542479567776784,0.00041590675319631474,0.005120457775931117,0.005006109759970181,5.278679171237897e-09
667,0.010542479567776784,0.00041590675319631474,0.005120457775931117,0.005006109759970181,5.278679171237897e-09
668,0.010542479567776784,0.00041590675319631474,0.005120457775931117,0.005006109759970181,5.278679171237897e-09
669,0.010542479567776784,0.00041590675319631474,0.005120457775931117,0.005006109759970181,5.278679171237897e-09
670,0.010542479567776784,0.00041590675319631474,0.005120457775931117,0.005006109759970181,5.278679171237897e-09
671,0.010542479567776784,0.00041590675319631474,0.005120457775931117,0.005006109759970181,5.278679171237897e-09
672,0.010542479567776784,0.00041590675319631474,0.005120457775931117,0.005006109759970181,5.278679171237897e-09
673,0.010542479567776784,0.00041590675319631474,0.005120457775931117,0.005006109759970181,5.278679171237897e-09
674,0.010542479567776784,0.00041590675319631474,0.005120457775931117,0.005006109759970181,5.278679171237897e-09
675,0.010542479567776784,0.00041590675319631474,0.005120457775931117,0.005006109759970181,5.278679171237897e-09
676,0.010542479567776784,0.00041590675319631474,0.005120457775931117,0.005006109759970181,5.278679171237897e-09
677,0.010542479567776784,0.00041590675319631474,0.005120457775931117,0.005006109759970181,5.278679171237897e-09
678,0.010542479567776784,0.00041590675319631474,0.005120457775931117,0.005006109759970181,5.278679171237897e-09
679,0.010542479567776784,0.00041590675319631474,0.005120457775931117,0.005006109759970181,5.278679171237897e-09
680,0.010542479567776784,0.00041590675319631474,0.005120457775931117,0.005006109759970181,5.278679171237897e-09
681,0.010542479567776784,0.00041590675319631474,0.005120457775931117,0.005006109759970181,5.278679171237897e-09
682,0.010542479567776784,0.00041590675319631474,0.005120457775931117,0.005006109759970181,5.278679171237897e-09
683,0.010542479567776784,0.00041590675319631474,0.005120457775931117,0.005006109759970181,5.278679171237897e-09
684,0.010542479567776784,0.00041590675319631474,0.005120457775931117,0.005006109759970181,5.278679171237897e-09
685,0.010542479567776784,0.00041590675319631474,0.005120457775931117,0.005006109759970181,5.278679171237897e-09
686,0.010542479567776784,0.00041590675319631474,0.005120457775931117,0.005006109759970181,5.278679171237897e-09
687,0.010542479567776784,0.00041590675319631474,0.005120457775931117,0.005006109759970181,5.278679171237897e-09
688,0.010542479567776784,0.00041590675319631474,0.005120457775931117,0.005006109759970181,5.278679171237897e-09
689,0.010542479567776784,0.00041590675319631474,0.005120457775931117,0.005006109759970181,5.278679171237897e-09
690,0.010542479567776784,0.00041590675319631474,0.005120457775931117,0.005006109759970181,5.278679171237897e-09
691,0.010542479567776784,0.00041590675319631474,0.005120457775931117,0.005006109759970181,5.278679171237897e-09
692,0.010542479567776784,0.00041590675319631474,0.005120457775931117,0.005006109759970181,5.278679171237897e-09
693,0.010542479567776784,0.00041590675319631474,0.005120457775931117,0.005006109759970181,5.278679171237897e-09
694,0.010542479567776784,0.00041590675319631474,0.005120457775931117,0.005006109759970181,5.278679171237897e-09
695,0.010542479567776784,0.00041590675319631474,0.005120457775931117,0.005006109759970181,5.278679171237897e-09
696,0.010542479567776784,0.00041590675319631474,0.005120457775931117,0.005006109759970181,5.278679171237897e-09
697,0.010542479567776784,0.00041590675319631474,0.005120457775931117,0.005006109759970181,5.278679171237897e-09
698,0.010542479567776784,0.00041590675319631474,0.005120457775931117,0.005006109759970181,5.278679171237897e-09
699,0.010542479567776784,0.00041590675319631474,0.005120457775931117,0.005006109759970181,5.278679171237897e-09
700,0.010542479567776784,0.00041590675319631474,0.005120457775931117,0.005006109759970181,5.278679171237897e-09
701,0.010542479567776784,0.00041590675319631474,0.005120457775931117,0.005006109759970181,5.278679171237897e-09
702,0.010542479567776784,0.00041590675319631474,0.005120457775931117,0.005006109759970181,5.278679171237897e-09
703,0.010542479567776784,0.00041590675319631474,0.005120457775931117,0.005006109759970181,5.278679171237897e-09
704,0.010542479567776784,0.00041590675319631474,0.005120457775931117,0.005006109759970181,5.278679171237897e-09
705,0.010542479567776784,0.00041590675319631474,0.005120457775931117,0.005006109759970181,5.278679171237897e-09
706,0.010542479567776784,0.00041590675319631474,0.005120457775931117,0.005006109759970181,5.278679171237897e-09
707,0.010542479567776784,0.00041590675319631474,0.005120457775931117,0.005006109759970181,5.278679171237897e-09
708,0.010542479567776784,0.00041590675319631474,0.005120457775931117,0.005006109759970181,5.278679171237897e-09
709,0.010542479567776784,0.00041590675319631474,0.005120457775931117,0.005006109759970181,5.278679171237897e-09
710,0.010542479567776784,0.00041590675319631474,0.005120457775931117,0.005006109759970181,5.278679171237897e-09
711,0.010542479567776784,0.00041590675319631474,0.005120457775931117,0.005006109759970181,5.278679171237897e-09
712,0.010542479567776784,0.00041590675319631474,0.005120457775931117,0.005006109759970181,5.278679171237897e-09
713,0.010542479567776784,0.00041590675319631474,0.005120457775931117,0.005006109759970181,5.278679171237897e-09
714,0.010542479567776784,0.00041590675319631474,0.005120457775931117,0.005006109759970181,5.278679171237897e-09
715,0.010542479567776784,0.00041590675319631474,0.005120457775931117,0.005006109759970181,5.278679171237897e-09
716,0.010542479567776784,0.00041590675319631474,0.005120457775931117,0.005006109759970181,5.278679171237897e-09
717,0.010542479567776784,0.00041590675319631474,0.005120457775931117,0.005006109759970181,5.278679171237897e-09
718,0.010542479567776784,0.00041590675319631474,0.005120457775931117,0.005006109759970181,5.278679171237897e-09
719,0.010542479567776784,0.00041590675319631474,0.005120457775931117,0.005006109759970181,5.278679171237897e-09
720,0.010542479567776784,0.00041590675319631474,0.005120457775931117,0.005006109759970181,5.278679171237897e-09
721,0.010542479567776784,0.00041590675319631474,0.005120457775931117,0.005006109759970181,5.278679171237897e-09
722,0.010542479567776784,0.00041590675319631474,0.005120457775931117,0.005006109759970181,5.278679171237897e-09
723,0.010542479567776784,0.00041590675319631474,0.005120457775931117,0.005006109759970181,5.278679171237897e-09
724,0.010542479567776784,0.00041590675319631474,0.005120457775931117,0.005006109759970181,5.278679171237897e-09
725,0.010542479567776784,0.00041590675319631474,0.005120457775931117,0.005006109759970181,5.278679171237897e-09
726,0.010542479567776784,0.00041590675319631474,0.005120457775931117,0.005006109759970181,5.278679171237897e-09
727,0.010542479567776784,0.00041590675319631474,0.005120457775931117,0.005006109759970181,5.278679171237897e-09
728,0.010542479567776784,0.00041590675319631474,0.005120457775931117,0.005006109759970181,5.278679171237897e-09
729,0.010542479567776784,0.00041590675319631474,0.005120457775931117,0.005006109759970181,5.278679171237897e-09
730,0.010542479567776784,0.00041590675319631474,0.005120457775931117,0.005006109759970181,5.278679171237897e-09
731,0.010542479567776784,0.00041590675319631474,0.005120457775931117,0.005006109759970181,5.278679171237897e-09
732,0.010542479567776784,0.00041590675319631474,0.005120457775931117,0.005006109759970181,5.278679171237897e-09
733,0.010542479567776784,0.00041590675319631474,0.005120457775931117,0.005006109759970181,5.278679171237897e-09
734,0.010542479567776784,0.00041590675319631474,0.005120457775931117,0.005006109759970181,5.278679171237897e-09
735,0.010542479567776784,0.00041590675319631474,0.005120457775931117,0.005006109759970181,5.278679171237897e-09
736,0.010542479567776784,0.00041590675319631474,0.005120457775931117,0.005006109759970181,5.278679171237897e-09
737,0.010542479567776784,0.00041590675319631474,0.005120457775931117,0.005006109759970181,5.278679171237897e-09
738,0.010542479567776784,0.00041590675319631474,0.005120457775931117,0.005006109759970181,5.278679171237897e-09
739,0.010542479567776784,0.00041590675319631474,0.005120457775931117,0.005006109759970181,5.278679171237897e-09
740,0.010542479567776784,0.00041590675319631474,0.005120457775931117,0.005006109759970181,5.278679171237897e-09
741,0.010542479567776784,0.00041590675319631474,0.005120457775931117,0.005006109759970181,5.278679171237897e-09
742,0.010542479567776784,0.00041590675319631474,0.005120457775931117,0.005006109759970181,5.278679171237897e-09
743,0.010542479567776784,0.00041590675319631474,0.005120457775931117,0.005006109759970181,5.278679171237897e-09
744,0.010542479567776784,0.00041590675319631474,0.005120457775931117,0.005006109759970181,5.278679171237897e-09
745,0.010542479567776784,0.00041590675319631474,0.005120457775931117,0.005006109759970181,5.278679171237897e-09
746,0.010542479567776784,0.00041590675319631474,0.005120457775931117,0.005006109759970181,5.278679171237897e-09
747,0.010542479567776784,0.00041590675319631474,0.005120457775931117,0.005006109759970181,5.278679171237897e-09
748,0.010542479567776784,0.00041590675319631474,0.005120457775931117,0.005006109759970181,5.278679171237897e-09
749,0.010542479567776784,0.00041590675319631474,0.005120457775931117,0.005006109759970181,5.278679171237897e-09
750,0.010542479567776784,0.00041590675319631474,0.005120457775931117,0.005006109759970181,5.278679171237897e-09
751,0.010542479567776784,0.00041590675319631474,0.005120457775931117,0.005006109759970181,5.278679171237897e-09
752,0.010542479567776784,0.00041590675319631474,0.005120457775931117,0.005006109759970181,5.278679171237897e-09
753,0.010542479567776784,0.00041590675319631474,0.005120457775931117,0.005006109759970181,5.278679171237897e-09
754,0.010542479567776784,0.00041590675319631474,0.005120457775931117,0.005006109759970181,5.278679171237897e-09
755,0.010542479567776784,0.00041590675319631474,0.005120457775931117,0.005006109759970181,5.278679171237897e-09
756,0.010542479567776784,0.00041590675319631474,0.005120457775931117,0.005006109759970181,5.278679171237897e-09
757,0.010542479567776784,0.00041590675319631474,0.005120457775931117,0.005006109759970181,5.278679171237897e-09
758,0.010542479567776784,0.00041590675319631474,0.005120457775931117,0.005006109759970181,5.278679171237897e-09
759,0.010542479567776784,0.00041590675319631474,0.005120457775931117,0.005006109759970181,5.278679171237897e-09
760,0.010542479567776784,0.00041590675319631474,0.005120457775931117,0.005006109759970181,5.278679171237897e-09
761,0.010542479567776784,0.00041590675319631474,0.005120457775931117,0.005006109759970181,5.278679171237897e-09
762,0.010542479567776784,0.00041590675319631474,0.005120457775931117,0.005006109759970181,5.278679171237897e-09
763,0.010542479567776784,0.00041590675319631474,0.005120457775931117,0.005006109759970181,5.278679171237897e-09
764,0.010542479567776784,0.00041590675319631474,0.005120457775931117,0.005006109759970181,5.278679171237897e-09
765,0.010542479567776784,0.00041590675319631474,0.005120457775931117,0.005006109759970181,5.278679171237897e-09
766,0.010542479567776784,0.00041590675319631474,0.005120457775931117,0.005006109759970181,5.278679171237897e-09
767,0.010542479567776784,0.00041590675319631474,0.005120457775931117,0.005006109759970181,5.278679171237897e-09
768,0.010542479567776784,0.00041590675319631474,0.005120457775931117,0.005006109759970181,5.278679171237897e-09
769,0.010542479567776784,0.00041590675319631474,0.005120457775931117,0.005006109759970181,5.278679171237897e-09
770,0.010542479567776784,0.00041590675319631474,0.005120457775931117,0.005006109759970181,5.278679171237897e-09
771,0.010542479567776784,0.00041590675319631474,0.005120457775931117,0.005006109759970181,5.278679171237897e-09
772,0.010542479567776784,0.00041590675319631474,0.005120457775931117,0.005006109759970181,5.278679171237897e-09
773,0.010542479567776784,0.00041590675319631474,0.005120457775931117,0.005006109759970181,5.278679171237897e-09
774,0.010542479567776784,0.00041590675319631474,0.005120457775931117,0.005006109759970181,5.278679171237897e-09
775,0.010542479567776784,0.00041590675319631474,0.005120457775931117,0.005006109759970181,5.278679171237897e-09
776,0.010542479567776784,0.00041590675319631474,0.005120457775931117,0.005006109759970181,5.278679171237897e-09
777,0.010542479567776784,0.00041590675319631474,0.005120457775931117,0.005006109759970181,5.278679171237897e-09
778,0.010542479567776784,0.00041590675319631474,0.005120457775931117,0.005006109759970181,5.278679171237897e-09
779,0.010542479567776784,0.00041590675319631474,0.005120457775931117,0.005006109759970181,5.278679171237897e-09
780,0.010542479567776784,0.00041590675319631474,0.005120457775931117,0.005006109759970181,5.278679171237897e-09
781,0.010542479567776784,0.00041590675319631474,0.005120457775931117,0.005006109759970181,5.278679171237897e-09
782,0.010542479567776784,0.00041590675319631474,0.005120457775931117,0.005006109759970181,5.278679171237897e-09
783,0.010542479567776784,0.00041590675319631474,0.005120457775931117,0.005006109759970181,5.278679171237897e-09
784,0.010542479567776784,0.00041590675319631474,0.005120457775931117,0.005006109759970181,5.278679171237897e-09
785,0.010542479567776784,0.00041590675319631474,0.005120457775931117,0.005006109759970181,5.278679171237897e-09
786,0.010542479567776784,0.00041590675319631474,0.005120457775931117,0.005006109759970181,5.278679171237897e-09
787,0.010542479567776784,0.00041590675319631474,0.005120457775931117,0.005006109759970181,5.278679171237897e-09
788,0.010542479567776784,0.00041590675319631474,0.005120457775931117,0.005006109759970181,5.278679171237897e-09
789,0.010542479567776784,0.00041590675319631474,0.005120457775931117,0.005006109759970181,5.278679171237897e-09
790,0.010542479567776784,0.00041590675319631474,0.005120457775931117,0.005006109759970181,5.278679171237897e-09
791,0.010542479567776784,0.00041590675319631474,0.005120457775931117,0.005006109759970181,5.278679171237897e-09
792,0.010542479567776784,0.00041590675319631474,0.005120457775931117,0.005006109759970181,5.278679171237897e-09
793,0.010542479567776784,0.00041590675319631474,0.005120457775931117,0.005006109759970181,5.278679171237897e-09
794,0.010542479567776784,0.00041590675319631474,0.005120457775931117,0.005006109759970181,5.278679171237897e-09
795,0.010542479567776784,0.00041590675319631474,0.005120457775931117,0.005006109759970181,5.278679171237897e-09
796,0.010542479567776784,0.00041590675319631474,0.005120457775931117,0.005006109759970181,5.278679171237897e-09
797,0.010542479567776784,0.00041590675319631474,0.005120457775931117,0.005006109759970181,5.278679171237897e-09
798,0.010542479567776784,0.00041590675319631474,0.005120457775931117,0.005006109759970181,5.278679171237897e-09
799,0.010542479567776784,0.00041590675319631474,0.005120457775931117,0.005006109759970181,5.278679171237897e-09
800,0.010542479567776784,0.00041590675319631474,0.005120457775931117,0.005006109759970181,5.278679171237897e-09
801,0.010542479567776784,0.00041590675319631474,0.005120457775931117,0.005006109759970181,5.278679171237897e-09
802,0.010542479567776784,0.00041590675319631474,0.005120457775931117,0.005006109759970181,5.278679171237897e-09
803,0.010542479567776784,0.00041590675319631474,0.005120457775931117,0.005006109759970181,5.278679171237897e-09
804,0.010542479567776784,0.00041590675319631474,0.005120457775931117,0.005006109759970181,5.278679171237897e-09
805,0.010542479567776784,0.00041590675319631474,0.005120457775931117,0.005006109759970181,5.278679171237897e-09
806,0.010542479567776784,0.00041590675319631474,0.005120457775931117,0.005006109759970181,5.278679171237897e-09
807,0.010542479567776784,0.00041590675319631474,0.005120457775931117,0.005006109759970181,5.278679171237897e-09
808,0.010542479567776784,0.00041590675319631474,0.005120457775931117,0.005006109759970181,5.278679171237897e-09
